ID,Local_ID,Language_ID,Parameter_ID,Value,Form,Segments,Comment,Source,Cognacy,Loan,Graphemes,Profile
Adnyamathanha-1_black-1,,Adnyamathanha,1_black,maRu,maRu,,,Haynie2016;Nash2017,,,,
Adnyamathanha-2_white-1,,Adnyamathanha,2_white,upa,upa,,,Haynie2016;Nash2017,,,,
Adnyamathanha-3_red-1,,Adnyamathanha,3_red,yalthatyi,yalthatyi,,,Haynie2016;Nash2017,,,,
Adnyamathanha-4_yellow-1,,Adnyamathanha,4_yellow,arkutinyi yaliwarrunha,arkutinyi yaliwarrunha,,,Haynie2016;Nash2017,,,,
Adnyamathanha-5_green-1,,Adnyamathanha,5_green,aRarra virta-i-,aRarra virta-i-,,,Haynie2016;Nash2017,,,,
Adnyamathanha-7_brown-1,,Adnyamathanha,7_brown,yaliwarrunha,yaliwarrunha,,,Haynie2016;Nash2017,,,,
Adnyamathanha-6_blue-1,,Adnyamathanha,6_blue,unarru,unarru,,,Haynie2016;Nash2017,,,,
Adnyamathanha-8_grey-1,,Adnyamathanha,8_grey,arru,arru,,,Haynie2016;Nash2017,,,,
AghuTharnggala-1_black-1,,AghuTharnggala,1_black,lcur,lcur,,,Haynie2016;Nash2017,,,,
AghuTharnggala-2_white-1,,AghuTharnggala,2_white,naynh,naynh,,,Haynie2016;Nash2017,,,,
Alyawarr-1_black-1,,Alyawarr,1_black,"errpurl, rrpwerl, irrpwerl; amwak",errpurl,,,Haynie2016;Nash2017,,,,
Alyawarr-1_black-2,,Alyawarr,1_black,"errpurl, rrpwerl, irrpwerl; amwak",rrpwerl,,,Haynie2016;Nash2017,,,,
Alyawarr-1_black-3,,Alyawarr,1_black,"errpurl, rrpwerl, irrpwerl; amwak",irrpwerl,,,Haynie2016;Nash2017,,,,
Alyawarr-1_black-4,,Alyawarr,1_black,"errpurl, rrpwerl, irrpwerl; amwak",amwak,,,Haynie2016;Nash2017,,,,
Alyawarr-2_white-1,,Alyawarr,2_white,rntralker,rntralker,,,Haynie2016;Nash2017,,,,
Alyawarr-3_red-1,,Alyawarr,3_red,rnterernter,rnterernter,,,Haynie2016;Nash2017,,,,
Alyawarr-4_yellow-1,,Alyawarr,4_yellow,arrkit,arrkit,,,Haynie2016;Nash2017,,,,
Alyawarr-5_green-1,,Alyawarr,5_green,atherrk-atherrk,atherrk-atherrk,,,Haynie2016;Nash2017,,,,
Antekerrepenh-1_black-1,,Antekerrepenh,1_black,"urrpwerl, urrperl",urrpwerl,,,Haynie2016;Nash2017,,,,
Antekerrepenh-1_black-2,,Antekerrepenh,1_black,"urrpwerl, urrperl",urrperl,,,Haynie2016;Nash2017,,,,
Antekerrepenh-2_white-1,,Antekerrepenh,2_white,arlter,arlter,,,Haynie2016;Nash2017,,,,
Antekerrepenh-3_red-1,,Antekerrepenh,3_red,atyetyek,atyetyek,,,Haynie2016;Nash2017,,,,
Arabana-1_black-1,,Arabana,1_black,"pirla, waka",pirla,,,Haynie2016;Nash2017,,,,
Arabana-1_black-2,,Arabana,1_black,"pirla, waka",waka,,,Haynie2016;Nash2017,,,,
Arabana-2_white-1,,Arabana,2_white,warru,warru,,,Haynie2016;Nash2017,,,,
Arabana-3_red-1,,Arabana,3_red,"miRaka, pitjirrinha",miRaka,,,Haynie2016;Nash2017,,,,
Arabana-3_red-2,,Arabana,3_red,"miRaka, pitjirrinha",pitjirrinha,,,Haynie2016;Nash2017,,,,
Arabana-4_yellow-1,,Arabana,4_yellow,miRaka,miRaka,,,Haynie2016;Nash2017,,,,
Arabana-5_green-1,,Arabana,5_green,ngaljuRu,ngaljuRu,,,Haynie2016;Nash2017,,,,
Arabana-6_blue-1,,Arabana,6_blue,ngaljuRu,ngaljuRu,,,Haynie2016;Nash2017,,,,
Awabakal-1_black-1,,Awabakal,1_black,naru,naru,,,Haynie2016;Nash2017,,,,
Awabakal-2_white-1,,Awabakal,2_white,barul,barul,,,Haynie2016;Nash2017,,,,
Awabakal-3_red-1,,Awabakal,3_red,garil,garil,,,Haynie2016;Nash2017,,,,
Awabakal-5_green-1,,Awabakal,5_green,girul,girul,,,Haynie2016;Nash2017,,,,
Ayapathu-1_black-1,,Ayapathu,1_black,ngoton,ngoton,,,Haynie2016;Nash2017,,,,
Ayapathu-2_white-1,,Ayapathu,2_white,pach,pach,,,Haynie2016;Nash2017,,,,
Ayapathu-3_red-1,,Ayapathu,3_red,chokerre,chokerre,,,Haynie2016;Nash2017,,,,
Badimaya-1_black-1,,Badimaya,1_black,mawurdu,mawurdu,,,Haynie2016;Nash2017,,,,
Badimaya-2_white-1,,Badimaya,2_white,biluny,biluny,,,Haynie2016;Nash2017,,,,
Badimaya-3_red-1,,Badimaya,3_red,binma,binma,,,Haynie2016;Nash2017,,,,
Badimaya-5_green-1,,Badimaya,5_green,guwiyarlarra,guwiyarlarra,,,Haynie2016;Nash2017,,,,
Badjiri-1_black-1,,Badjiri,1_black,garagara,garagara,,,Haynie2016;Nash2017,,,,
Badjiri-2_white-1,,Badjiri,2_white,budhabudha,budhabudha,,,Haynie2016;Nash2017,,,,
Badjiri-3_red-1,,Badjiri,3_red,gudhigudhi,gudhigudhi,,,Haynie2016;Nash2017,,,,
Bandjalang-1_black-1,,Bandjalang,1_black,"duhndun Y, nyagu, jagabar",duhndun,,,Haynie2016;Nash2017,,,,
Bandjalang-1_black-2,,Bandjalang,1_black,"duhndun Y, nyagu, jagabar",nyagu,,,Haynie2016;Nash2017,,,,
Bandjalang-1_black-3,,Bandjalang,1_black,"duhndun Y, nyagu, jagabar",jagabar,,,Haynie2016;Nash2017,,,,
Bandjalang-2_white-1,,Bandjalang,2_white,"dalahn Y,G,C, deber W,C",dalahn,,,Haynie2016;Nash2017,,,,
Bandjalang-2_white-2,,Bandjalang,2_white,"dalahn Y,G,C, deber W,C",deber,,,Haynie2016;Nash2017,,,,
Bandjalang-3_red-1,,Bandjalang,3_red,"gudhihn G, gudhihyn W,We, gudhihny",gudhihn,,,Haynie2016;Nash2017,,,,
Bandjalang-3_red-2,,Bandjalang,3_red,"gudhihn G, gudhihyn W,We, gudhihny",gudhihyn,,,Haynie2016;Nash2017,,,,
Bandjalang-3_red-3,,Bandjalang,3_red,"gudhihn G, gudhihyn W,We, gudhihny",gudhihny,,,Haynie2016;Nash2017,,,,
Bandjalang-4_yellow-1,,Bandjalang,4_yellow,widhagaŋ,widhagaŋ,,,Haynie2016;Nash2017,,,,
BarrowPoint-1_black-1,,BarrowPoint,1_black,ngulnggu:nh,ngulnggu:nh,,,Haynie2016;Nash2017,,,,
BarrowPoint-2_white-1,,BarrowPoint,2_white,"mangi:r, warrba:rr",mangi:r,,,Haynie2016;Nash2017,,,,
BarrowPoint-2_white-2,,BarrowPoint,2_white,"mangi:r, warrba:rr",warrba:rr,,,Haynie2016;Nash2017,,,,
BarrowPoint-3_red-1,,BarrowPoint,3_red,umburrul,umburrul,,,Haynie2016;Nash2017,,,,
BarrowPoint-5_green-1,,BarrowPoint,5_green,ngulngkungulngkun ~ ululngkun,ngulngkungulngkun,,,Haynie2016;Nash2017,,,,
BarrowPoint-5_green-2,,BarrowPoint,5_green,ngulngkungulngkun ~ ululngkun,ululngkun,,,Haynie2016;Nash2017,,,,
BarrowPoint-6_blue-1,,BarrowPoint,6_blue,"urnggu:nh, ngulngkungulngkun ~ ululngkun",urnggu:nh,,,Haynie2016;Nash2017,,,,
BarrowPoint-6_blue-2,,BarrowPoint,6_blue,"urnggu:nh, ngulngkungulngkun ~ ululngkun",ngulngkungulngkun,,,Haynie2016;Nash2017,,,,
BarrowPoint-6_blue-3,,BarrowPoint,6_blue,"urnggu:nh, ngulngkungulngkun ~ ululngkun",ululngkun,,,Haynie2016;Nash2017,,,,
BarrowPoint-8_grey-1,,BarrowPoint,8_grey,urrba:lnganh,urrba:lnganh,,,Haynie2016;Nash2017,,,,
Batyala-1_black-1,,Batyala,1_black,dagil,dagil,,,Haynie2016;Nash2017,,,,
Batyala-2_white-1,,Batyala,2_white,kak’kal,kak’kal,,,Haynie2016;Nash2017,,,,
Batyala-3_red-1,,Batyala,3_red,gooding,gooding,,,Haynie2016;Nash2017,,,,
Batyala-8_grey-1,,Batyala,8_grey,dhauwa-dhauwul,dhauwa-dhauwul,,,Haynie2016;Nash2017,,,,
BidjaraGungabula-1_black-1,,BidjaraGungabula,1_black,midhamidha,midhamidha,,,Haynie2016;Nash2017,,,,
BidjaraGungabula-2_white-1,,BidjaraGungabula,2_white,budhabudha,budhabudha,,,Haynie2016;Nash2017,,,,
BidjaraGungabula-3_red-1,,BidjaraGungabula,3_red,gudhigudhi,gudhigudhi,,,Haynie2016;Nash2017,,,,
BidjaraGungabula-4_yellow-1,,BidjaraGungabula,4_yellow,gudhirri,gudhirri,,,Haynie2016;Nash2017,,,,
BidjaraGungabula-7_brown-1,,BidjaraGungabula,7_brown,dhigara,dhigara,,,Haynie2016;Nash2017,,,,
BidjaraGungabula-8_grey-1,,BidjaraGungabula,8_grey,thanpartthanpart,thanpartthanpart,,,Haynie2016;Nash2017,,,,
Bilinarra-1_black-1,,Bilinarra,1_black,ngumbung,ngumbung,,,Haynie2016;Nash2017,,,,
Bilinarra-2_white-1,,Bilinarra,2_white,wargi,wargi,,,Haynie2016;Nash2017,,,,
Bilinarra-3_red-1,,Bilinarra,3_red,"gigig, win.gilyang",gigig,,,Haynie2016;Nash2017,,,,
Bilinarra-3_red-2,,Bilinarra,3_red,"gigig, win.gilyang",win.gilyang,,,Haynie2016;Nash2017,,,,
Bilinarra-5_green-1,,Bilinarra,5_green,wurrgal,wurrgal,,,Haynie2016;Nash2017,,,,
Biri-1_black-1,,Biri,1_black,gura,gura,,,Haynie2016;Nash2017,,,,
Biri-2_white-1,,Biri,2_white,budya,budya,,,Haynie2016;Nash2017,,,,
Biri-3_red-1,,Biri,3_red,"diga, kuma",diga,,,Haynie2016;Nash2017,,,,
Biri-3_red-2,,Biri,3_red,"diga, kuma",kuma,,,Haynie2016;Nash2017,,,,
Biri-4_yellow-1,,Biri,4_yellow,bagari,bagari,,,Haynie2016;Nash2017,,,,
Biri-5_green-1,,Biri,5_green,burba,burba,,,Haynie2016;Nash2017,,,,
Biri-8_grey-1,,Biri,8_grey,bingara,bingara,,,Haynie2016;Nash2017,,,,
Birrpayi-1_black-1,,Birrpayi,1_black,"butjung, guraa, gurrul",butjung,,,Haynie2016;Nash2017,,,,
Birrpayi-1_black-2,,Birrpayi,1_black,"butjung, guraa, gurrul",guraa,,,Haynie2016;Nash2017,,,,
Birrpayi-1_black-3,,Birrpayi,1_black,"butjung, guraa, gurrul",gurrul,,,Haynie2016;Nash2017,,,,
Birrpayi-2_white-1,,Birrpayi,2_white,"barang, bura, watuun",barang,,,Haynie2016;Nash2017,,,,
Birrpayi-2_white-2,,Birrpayi,2_white,"barang, bura, watuun",bura,,,Haynie2016;Nash2017,,,,
Birrpayi-2_white-3,,Birrpayi,2_white,"barang, bura, watuun",watuun,,,Haynie2016;Nash2017,,,,
Birrpayi-3_red-1,,Birrpayi,3_red,"baril, barrang, ganggarr, naruburabu",baril,,,Haynie2016;Nash2017,,,,
Birrpayi-3_red-2,,Birrpayi,3_red,"baril, barrang, ganggarr, naruburabu",barrang,,,Haynie2016;Nash2017,,,,
Birrpayi-3_red-3,,Birrpayi,3_red,"baril, barrang, ganggarr, naruburabu",ganggarr,,,Haynie2016;Nash2017,,,,
Birrpayi-3_red-4,,Birrpayi,3_red,"baril, barrang, ganggarr, naruburabu",naruburabu,,,Haynie2016;Nash2017,,,,
Birrpayi-4_yellow-1,,Birrpayi,4_yellow,"baril, bilin, bukaruraru",baril,,,Haynie2016;Nash2017,,,,
Birrpayi-4_yellow-2,,Birrpayi,4_yellow,"baril, bilin, bukaruraru",bilin,,,Haynie2016;Nash2017,,,,
Birrpayi-4_yellow-3,,Birrpayi,4_yellow,"baril, bilin, bukaruraru",bukaruraru,,,Haynie2016;Nash2017,,,,
Birrpayi-5_green-1,,Birrpayi,5_green,marang warang,marang warang,,,Haynie2016;Nash2017,,,,
Birrpayi-7_brown-1,,Birrpayi,7_brown,duurung,duurung,,,Haynie2016;Nash2017,,,,
Birrpayi-8_grey-1,,Birrpayi,8_grey,dhinggarr,dhinggarr,,,Haynie2016;Nash2017,,,,
Bularnu-1_black-1,,Bularnu,1_black,bupugabupuga,bupugabupuga,,,Haynie2016;Nash2017,,,,
Bularnu-2_white-1,,Bularnu,2_white,burna,burna,,,Haynie2016;Nash2017,,,,
Bularnu-3_red-1,,Bularnu,3_red,yalathalatha,yalathalatha,,,Haynie2016;Nash2017,,,,
Bularnu-4_yellow-1,,Bularnu,4_yellow,gudhuludhulu,gudhuludhulu,,,Haynie2016;Nash2017,,,,
Bularnu-5_green-1,,Bularnu,5_green,yuwaliwali,yuwaliwali,,,Haynie2016;Nash2017,,,,
Bularnu-8_grey-1,,Bularnu,8_grey,nyudurru,nyudurru,,,Haynie2016;Nash2017,,,,
Coobenpil-1_black-1,,Coobenpil,1_black,goorooin,goorooin,,,Haynie2016;Nash2017,,,,
Coobenpil-2_white-1,,Coobenpil,2_white,boopa,boopa,,,Haynie2016;Nash2017,,,,
Coobenpil-3_red-1,,Coobenpil,3_red,cowan,cowan,,,Haynie2016;Nash2017,,,,
Coonambella-1_black-1,,Coonambella,1_black,"coor'gool, mither mith'er, n'goom by",coor'gool,,,Haynie2016;Nash2017,,,,
Coonambella-1_black-2,,Coonambella,1_black,"coor'gool, mither mith'er, n'goom by",mither mith'er,,,Haynie2016;Nash2017,,,,
Coonambella-1_black-3,,Coonambella,1_black,"coor'gool, mither mith'er, n'goom by",n'goom by,,,Haynie2016;Nash2017,,,,
Coonambella-3_red-1,,Coonambella,3_red,"dil'goor'a'ry, ma'gay'ra, ool'ba",dil'goor'a'ry,,,Haynie2016;Nash2017,,,,
Coonambella-3_red-2,,Coonambella,3_red,"dil'goor'a'ry, ma'gay'ra, ool'ba",ma'gay'ra,,,Haynie2016;Nash2017,,,,
Coonambella-3_red-3,,Coonambella,3_red,"dil'goor'a'ry, ma'gay'ra, ool'ba",ool'ba,,,Haynie2016;Nash2017,,,,
Coonambella-5_green-1,,Coonambella,5_green,"bubba laballa, coo'ree",bubba laballa,,,Haynie2016;Nash2017,,,,
Coonambella-5_green-2,,Coonambella,5_green,"bubba laballa, coo'ree",coo'ree,,,Haynie2016;Nash2017,,,,
Coonambella-6_blue-1,,Coonambella,6_blue,way,way,,,Haynie2016;Nash2017,,,,
Darkinyung-1_black-1,,Darkinyung,1_black,"minig, naru",minig,,,Haynie2016;Nash2017,,,,
Darkinyung-1_black-2,,Darkinyung,1_black,"minig, naru",naru,,,Haynie2016;Nash2017,,,,
Darkinyung-2_white-1,,Darkinyung,2_white,barag,barag,,,Haynie2016;Nash2017,,,,
Dhangu-1_black-1,,Dhangu,1_black,gurrŋan('),gurrŋan,,,Haynie2016;Nash2017,,,,
Dhangu-2_white-1,,Dhangu,2_white,gapaṉ,gapaṉ,,,Haynie2016;Nash2017,,,,
Dhangu-3_red-1,,Dhangu,3_red,miku',miku',,,Haynie2016;Nash2017,,,,
Dhangu-4_yellow-1,,Dhangu,4_yellow,ḏuŋgul,ḏuŋgul,,,Haynie2016;Nash2017,,,,
Dhangu-5_green-1,,Dhangu,5_green,dhulmu,dhulmu,,,Haynie2016;Nash2017,,,,
Dharawal-1_black-1,,Dharawal,1_black,"burawara, nganda",burawara,,,Haynie2016;Nash2017,,,,
Dharawal-1_black-2,,Dharawal,1_black,"burawara, nganda",nganda,,,Haynie2016;Nash2017,,,,
Dharawal-2_white-1,,Dharawal,2_white,"ban, warrawarra",ban,,,Haynie2016;Nash2017,,,,
Dharawal-2_white-2,,Dharawal,2_white,"ban, warrawarra",warrawarra,,,Haynie2016;Nash2017,,,,
Dharawal-3_red-1,,Dharawal,3_red,"munja munja, ngurung ngurung",munja munja,,,Haynie2016;Nash2017,,,,
Dharawal-3_red-2,,Dharawal,3_red,"munja munja, ngurung ngurung",ngurung ngurung,,,Haynie2016;Nash2017,,,,
Dharuk-1_black-1,,Dharuk,1_black,nganda,nganda,,,Haynie2016;Nash2017,,,,
Dharuk-2_white-1,,Dharuk,2_white,dyirra,dyirra,,,Haynie2016;Nash2017,,,,
Dharuk-3_red-1,,Dharuk,3_red,mudjil,mudjil,,,Haynie2016;Nash2017,,,,
Dharuk-4_yellow-1,,Dharuk,4_yellow,yarragal,yarragal,,,Haynie2016;Nash2017,,,,
Dharuk-5_green-1,,Dharuk,5_green,bulgaga,bulgaga,,,Haynie2016;Nash2017,,,,
Dharumbal-1_black-1,,Dharumbal,1_black,guru,guru,,,Haynie2016;Nash2017,,,,
Dharumbal-2_white-1,,Dharumbal,2_white,bura,bura,,,Haynie2016;Nash2017,,,,
Dharumbal-3_red-1,,Dharumbal,3_red,tarir,tarir,,,Haynie2016;Nash2017,,,,
Dharumbal-4_yellow-1,,Dharumbal,4_yellow,kalmur ~ kalmurkalmur,kalmur,,,Haynie2016;Nash2017,,,,
Dharumbal-4_yellow-2,,Dharumbal,4_yellow,kalmur ~ kalmurkalmur,kalmurkalmur,,,Haynie2016;Nash2017,,,,
Dharumbal-5_green-1,,Dharumbal,5_green,"moalmoal, wuralwural",moalmoal,,,Haynie2016;Nash2017,,,,
Dharumbal-5_green-2,,Dharumbal,5_green,"moalmoal, wuralwural",wuralwural,,,Haynie2016;Nash2017,,,,
Dhudhuroa-1_black-1,,Dhudhuroa,1_black,dhayugilu,dhayugilu,,,Haynie2016;Nash2017,,,,
Dhudhuroa-2_white-1,,Dhudhuroa,2_white,darrangarra,darrangarra,,,Haynie2016;Nash2017,,,,
Dhudhuroa-3_red-1,,Dhudhuroa,3_red,ngaya,ngaya,,,Haynie2016;Nash2017,,,,
Dhurga-1_black-1,,Dhurga,1_black,nVndaagun,nVndaagun,,,Haynie2016;Nash2017,,,,
Dhurga-2_white-1,,Dhurga,2_white,wari,wari,,,Haynie2016;Nash2017,,,,
Dhurga-3_red-1,,Dhurga,3_red,manjamanja,manjamanja,,,Haynie2016;Nash2017,,,,
Dhuwal-1_black-1,,Dhuwal,1_black,mol,mol,,,Haynie2016;Nash2017,,,,
Dhuwal-2_white-1,,Dhuwal,2_white,watharr,watharr,,,Haynie2016;Nash2017,,,,
Dhuwal-3_red-1,,Dhuwal,3_red,ratjpa,ratjpa,,,Haynie2016;Nash2017,,,,
Dhuwal-4_yellow-1,,Dhuwal,4_yellow,ḏuŋgul,ḏuŋgul,,,Haynie2016;Nash2017,,,,
Dhuwal-5_green-1,,Dhuwal,5_green,dhulmu,dhulmu,,,Haynie2016;Nash2017,,,,
Dhuwal-7_brown-1,,Dhuwal,7_brown,ḻarraṉi('),ḻarraṉi,,,Haynie2016;Nash2017,,,,
Dhuwal-8_grey-1,,Dhuwal,8_grey,djirrtjirr,djirrtjirr,,,Haynie2016;Nash2017,,,,
Dhuwala-1_black-1,,Dhuwala,1_black,gurrŋan('),gurrŋan,,,Haynie2016;Nash2017,,,,
Dhuwala-2_white-1,,Dhuwala,2_white,watharr,watharr,,,Haynie2016;Nash2017,,,,
Dhuwala-3_red-1,,Dhuwala,3_red,ṉipiṉ,ṉipiṉ,,,Haynie2016;Nash2017,,,,
Dhuwala-4_yellow-1,,Dhuwala,4_yellow,buthalak,buthalak,,,Haynie2016;Nash2017,,,,
Dhuwala-7_brown-1,,Dhuwala,7_brown,gunhdhirr(‘),gunhdhirr,,,Haynie2016;Nash2017,,,,
Dhuwala-6_blue-1,,Dhuwala,6_blue,milkuminy,milkuminy,,,Haynie2016;Nash2017,,,,
Dhuwala-8_grey-1,,Dhuwala,8_grey,guray,guray,,,Haynie2016;Nash2017,,,,
Diyari-1_black-1,,Diyari,1_black,maru,maru,,,Haynie2016;Nash2017,,,,
Diyari-2_white-1,,Diyari,2_white,warru,warru,,,Haynie2016;Nash2017,,,,
Diyari-3_red-1,,Diyari,3_red,marralyi,marralyi,,,Haynie2016;Nash2017,,,,
Diyari-4_yellow-1,,Diyari,4_yellow,kakoo,kakoo,,,Haynie2016;Nash2017,,,,
Diyari-5_green-1,,Diyari,5_green,kulyakulya,kulyakulya,,,Haynie2016;Nash2017,,,,
Diyari-8_grey-1,,Diyari,8_grey,karoo,karoo,,,Haynie2016;Nash2017,,,,
Djabugay-1_black-1,,Djabugay,1_black,bugaa,bugaa,,,Haynie2016;Nash2017,,,,
Djabugay-2_white-1,,Djabugay,2_white,gaba,gaba,,,Haynie2016;Nash2017,,,,
Djabugay-3_red-1,,Djabugay,3_red,galbal,galbal,,,Haynie2016;Nash2017,,,,
Djabugay-4_yellow-1,,Djabugay,4_yellow,marrga-marrga,marrga-marrga,,,Haynie2016;Nash2017,,,,
Djabugay-5_green-1,,Djabugay,5_green,gurri,gurri,,,Haynie2016;Nash2017,,,,
Djabugay-7_brown-1,,Djabugay,7_brown,gaya,gaya,,,Haynie2016;Nash2017,,,,
Djabugay-6_blue-1,,Djabugay,6_blue,ngurbam,ngurbam,,,Haynie2016;Nash2017,,,,
Djapu-1_black-1,,Djapu,1_black,mol,mol,,,Haynie2016;Nash2017,,,,
Djapu-2_white-1,,Djapu,2_white,gaywaraŋu,gaywaraŋu,,,Haynie2016;Nash2017,,,,
Djapu-3_red-1,,Djapu,3_red,miku('),miku,,,Haynie2016;Nash2017,,,,
Djapu-4_yellow-1,,Djapu,4_yellow,buthalak,buthalak,,,Haynie2016;Nash2017,,,,
Djapu-7_brown-1,,Djapu,7_brown,guṉḏirr('),guṉḏirr,,,Haynie2016;Nash2017,,,,
Djapu-8_grey-1,,Djapu,8_grey,djirrtjirr,djirrtjirr,,,Haynie2016;Nash2017,,,,
Djinang-1_black-1,,Djinang,1_black,mul,mul,,,Haynie2016;Nash2017,,,,
Djinang-2_white-1,,Djinang,2_white,bardjining,bardjining,,,Haynie2016;Nash2017,,,,
Djinang-3_red-1,,Djinang,3_red,burdiburdigili,burdiburdigili,,,Haynie2016;Nash2017,,,,
Djinang-4_yellow-1,,Djinang,4_yellow,"butjalak, guringguringgili",butjalak,,,Haynie2016;Nash2017,,,,
Djinang-4_yellow-2,,Djinang,4_yellow,"butjalak, guringguringgili",guringguringgili,,,Haynie2016;Nash2017,,,,
Djinang-5_green-1,,Djinang,5_green,gumiring,gumiring,,,Haynie2016;Nash2017,,,,
Djinang-6_blue-1,,Djinang,6_blue,marri djayaḻ mulngi,marri djayaḻ mulngi,,,Haynie2016;Nash2017,,,,
Djinang-9_orange-1,,Djinang,9_orange,guringguringgili,guringguringgili,,,Haynie2016;Nash2017,,,,
Durubul-1_black-1,,Durubul,1_black,gurun,gurun,,,Haynie2016;Nash2017,,,,
Durubul-2_white-1,,Durubul,2_white,buba,buba,,,Haynie2016;Nash2017,,,,
Durubul-3_red-1,,Durubul,3_red,gudjin,gudjin,,,Haynie2016;Nash2017,,,,
Duungidjawu-1_black-1,,Duungidjawu,1_black,miyarr,miyarr,,,Haynie2016;Nash2017,,,,
Duungidjawu-2_white-1,,Duungidjawu,2_white,muranjŋa,muranjŋa,,,Haynie2016;Nash2017,,,,
Duungidjawu-3_red-1,,Duungidjawu,3_red,guyiŋ,guyiŋ,,,Haynie2016;Nash2017,,,,
EasternArrernte-1_black-1,,EasternArrernte,1_black,"urrperle, urterrpe",urrperle,,,Haynie2016;Nash2017,,,,
EasternArrernte-1_black-2,,EasternArrernte,1_black,"urrperle, urterrpe",urterrpe,,,Haynie2016;Nash2017,,,,
EasternArrernte-2_white-1,,EasternArrernte,2_white,"arrerlkeme, mperlkere",arrerlkeme,,,Haynie2016;Nash2017,,,,
EasternArrernte-2_white-2,,EasternArrernte,2_white,"arrerlkeme, mperlkere",mperlkere,,,Haynie2016;Nash2017,,,,
EasternArrernte-3_red-1,,EasternArrernte,3_red,"athekeke, athetheke, ntere-ntere, rntere-rntere",athekeke,,,Haynie2016;Nash2017,,,,
EasternArrernte-3_red-2,,EasternArrernte,3_red,"athekeke, athetheke, ntere-ntere, rntere-rntere",athetheke,,,Haynie2016;Nash2017,,,,
EasternArrernte-3_red-3,,EasternArrernte,3_red,"athekeke, athetheke, ntere-ntere, rntere-rntere",ntere-ntere,,,Haynie2016;Nash2017,,,,
EasternArrernte-3_red-4,,EasternArrernte,3_red,"athekeke, athetheke, ntere-ntere, rntere-rntere",rntere-rntere,,,Haynie2016;Nash2017,,,,
EasternArrernte-4_yellow-1,,EasternArrernte,4_yellow,arlperrtye,arlperrtye,,,Haynie2016;Nash2017,,,,
EasternArrernte-5_green-1,,EasternArrernte,5_green,atherrke-atherrke,atherrke-atherrke,,,Haynie2016;Nash2017,,,,
EasternArrernte-7_brown-1,,EasternArrernte,7_brown,"aturrpe, urlpmernte-urlpmernte",aturrpe,,,Haynie2016;Nash2017,,,,
EasternArrernte-7_brown-2,,EasternArrernte,7_brown,"aturrpe, urlpmernte-urlpmernte",urlpmernte-urlpmernte,,,Haynie2016;Nash2017,,,,
EasternArrernte-6_blue-1,,EasternArrernte,6_blue,"alkere-alkere, urite,",alkere-alkere,,,Haynie2016;Nash2017,,,,
EasternArrernte-6_blue-2,,EasternArrernte,6_blue,"alkere-alkere, urite,",urite,,,Haynie2016;Nash2017,,,,
EasternArrernte-8_grey-1,,EasternArrernte,8_grey,mpwelkere,mpwelkere,,,Haynie2016;Nash2017,,,,
EasternArrernte-9_orange-1,,EasternArrernte,9_orange,utyenye,utyenye,,,Haynie2016;Nash2017,,,,
Gamilaraay-1_black-1,,Gamilaraay,1_black,buluuy,buluuy,,,Haynie2016;Nash2017,,,,
Gamilaraay-2_white-1,,Gamilaraay,2_white,balaa,balaa,,,Haynie2016;Nash2017,,,,
Gamilaraay-3_red-1,,Gamilaraay,3_red,guwi,guwi,,,Haynie2016;Nash2017,,,,
Gamilaraay-4_yellow-1,,Gamilaraay,4_yellow,gidjirrgidjirr,gidjirrgidjirr,,,Haynie2016;Nash2017,,,,
Gamilaraay-5_green-1,,Gamilaraay,5_green,gawarrawarr,gawarrawarr,,,Haynie2016;Nash2017,,,,
Gamilaraay-7_brown-1,,Gamilaraay,7_brown,dhuRa,dhuRa,,,Haynie2016;Nash2017,,,,
Gamilaraay-6_blue-1,,Gamilaraay,6_blue,gawarrawarr,gawarrawarr,,,Haynie2016;Nash2017,,,,
Gamilaraay-8_grey-1,,Gamilaraay,8_grey,dhadhaal,dhadhaal,,,Haynie2016;Nash2017,,,,
Gamilaraay-9_orange-1,,Gamilaraay,9_orange,pampul,pampul,,,Haynie2016;Nash2017,,,,
Gangulu-1_black-1,,Gangulu,1_black,guradgurad,guradgurad,,,Haynie2016;Nash2017,,,,
Gangulu-2_white-1,,Gangulu,2_white,budhu/budha,budhu,,,Haynie2016;Nash2017,,,,
Gangulu-2_white-2,,Gangulu,2_white,budhu/budha,budha,,,Haynie2016;Nash2017,,,,
Gangulu-3_red-1,,Gangulu,3_red,guma,guma,,,Haynie2016;Nash2017,,,,
Gangulu-5_green-1,,Gangulu,5_green,gawayi,gawayi,,,Haynie2016;Nash2017,,,,
Gangulu-7_brown-1,,Gangulu,7_brown,nayinayi,nayinayi,,,Haynie2016;Nash2017,,,,
Gangulu-6_blue-1,,Gangulu,6_blue,midha,midha,,,Haynie2016;Nash2017,,,,
Garlali-1_black-1,,Garlali,1_black,thaɹagurru,thaɹagurru,,,Haynie2016;Nash2017,,,,
Garlali-2_white-1,,Garlali,2_white,kupa,kupa,,,Haynie2016;Nash2017,,,,
Garlali-3_red-1,,Garlali,3_red,diyaɾdiyarri,diyaɾdiyarri,,,Haynie2016;Nash2017,,,,
Garlali-5_green-1,,Garlali,5_green,kanda,kanda,,,Haynie2016;Nash2017,,,,
Githabul-1_black-1,,Githabul,1_black,ŋagu,ŋagu,,,Haynie2016;Nash2017,,,,
Githabul-2_white-1,,Githabul,2_white,gibira,gibira,,,Haynie2016;Nash2017,,,,
Githabul-3_red-1,,Githabul,3_red,gudhihn,gudhihn,,,Haynie2016;Nash2017,,,,
Githabul-4_yellow-1,,Githabul,4_yellow,widhagaŋ,widhagaŋ,,,Haynie2016;Nash2017,,,,
Githabul-5_green-1,,Githabul,5_green,gaygum,gaygum,,,Haynie2016;Nash2017,,,,
Githabul-8_grey-1,,Githabul,8_grey,gidhur,gidhur,,,Haynie2016;Nash2017,,,,
Githabul-9_orange-1,,Githabul,9_orange,baraŋayil,baraŋayil,,,Haynie2016;Nash2017,,,,
Golpa-1_black-1,,Golpa,1_black,gurrŋan',gurrŋan',,,Haynie2016;Nash2017,,,,
Golpa-2_white-1,,Golpa,2_white,gaywaraŋu,gaywaraŋu,,,Haynie2016;Nash2017,,,,
Golpa-3_red-1,,Golpa,3_red,gulaŋ-gulaŋ,gulaŋ-gulaŋ,,,Haynie2016;Nash2017,,,,
Golpa-4_yellow-1,,Golpa,4_yellow,buthalak,buthalak,,,Haynie2016;Nash2017,,,,
Golpa-5_green-1,,Golpa,5_green,milkuminy,milkuminy,,,Haynie2016;Nash2017,,,,
Golpa-7_brown-1,,Golpa,7_brown,rawak,rawak,,,Haynie2016;Nash2017,,,,
Golpa-6_blue-1,,Golpa,6_blue,mulkuminy,mulkuminy,,,Haynie2016;Nash2017,,,,
GoorengGooreng-1_black-1,,GoorengGooreng,1_black,noolgee,noolgee,,,Haynie2016;Nash2017,,,,
GoorengGooreng-2_white-1,,GoorengGooreng,2_white,bural,bural,,,Haynie2016;Nash2017,,,,
GoorengGooreng-3_red-1,,GoorengGooreng,3_red,gutchoo,gutchoo,,,Haynie2016;Nash2017,,,,
GuguBadhun-1_black-1,,GuguBadhun,1_black,midhu,midhu,,,Haynie2016;Nash2017,,,,
GuguBadhun-2_white-1,,GuguBadhun,2_white,gurrgul,gurrgul,,,Haynie2016;Nash2017,,,,
GuguBadhun-3_red-1,,GuguBadhun,3_red,garrngul,garrngul,,,Haynie2016;Nash2017,,,,
Gumatj-1_black-1,,Gumatj,1_black,gurrngan’,gurrngan’,,,Haynie2016;Nash2017,,,,
Gumatj-2_white-1,,Gumatj,2_white,gaywaraŋu,gaywaraŋu,,,Haynie2016;Nash2017,,,,
Gumatj-3_red-1,,Gumatj,3_red,miku’,miku’,,,Haynie2016;Nash2017,,,,
Gumatj-4_yellow-1,,Gumatj,4_yellow,ḏuŋgul,ḏuŋgul,,,Haynie2016;Nash2017,,,,
Gumatj-5_green-1,,Gumatj,5_green,milkuminy,milkuminy,,,Haynie2016;Nash2017,,,,
Gumatj-7_brown-1,,Gumatj,7_brown,ḻarraṉi('),ḻarraṉi,,,Haynie2016;Nash2017,,,,
Gumatj-6_blue-1,,Gumatj,6_blue,borpul,borpul,,,Haynie2016;Nash2017,,,,
Gumatj-8_grey-1,,Gumatj,8_grey,djirrtjirr,djirrtjirr,,,Haynie2016;Nash2017,,,,
Gumbaynggir-1_black-1,,Gumbaynggir,1_black,guuru,guuru,,,Haynie2016;Nash2017,,,,
Gumbaynggir-2_white-1,,Gumbaynggir,2_white,garaaban,garaaban,,,Haynie2016;Nash2017,,,,
Gumbaynggir-3_red-1,,Gumbaynggir,3_red,"muluurr, mulurr-mulurr",muluurr,,,Haynie2016;Nash2017,,,,
Gumbaynggir-3_red-2,,Gumbaynggir,3_red,"muluurr, mulurr-mulurr",mulurr-mulurr,,,Haynie2016;Nash2017,,,,
Gundungurra-1_black-1,,Gundungurra,1_black,buda-rin,buda-rin,,,Haynie2016;Nash2017,,,,
Gundungurra-2_white-1,,Gundungurra,2_white,gara-ng,gara-ng,,,Haynie2016;Nash2017,,,,
Gundungurra-3_red-1,,Gundungurra,3_red,gumal,gumal,,,Haynie2016;Nash2017,,,,
Gundungurra-4_yellow-1,,Gundungurra,4_yellow,bíllin,bíllin,,,Haynie2016;Nash2017,,,,
Gundungurra-5_green-1,,Gundungurra,5_green,yama-ying,yama-ying,,,Haynie2016;Nash2017,,,,
Gundungurra-7_brown-1,,Gundungurra,7_brown,dúrung,dúrung,,,Haynie2016;Nash2017,,,,
Gunggari-1_black-1,,Gunggari,1_black,gubur gubar,gubur gubar,,,Haynie2016;Nash2017,,,,
Gunggari-2_white-1,,Gunggari,2_white,guda guda,guda guda,,,Haynie2016;Nash2017,,,,
Gunggari-3_red-1,,Gunggari,3_red,gudi gudi,gudi gudi,,,Haynie2016;Nash2017,,,,
Gunya-1_black-1,,Gunya,1_black,gudul,gudul,,,Haynie2016;Nash2017,,,,
Gunya-2_white-1,,Gunya,2_white,budhabudha,budhabudha,,,Haynie2016;Nash2017,,,,
Gunya-3_red-1,,Gunya,3_red,gudhigudhi,gudhigudhi,,,Haynie2016;Nash2017,,,,
Gupapuyngu-1_black-1,,Gupapuyngu,1_black,gurrngan’,gurrngan’,,,Haynie2016;Nash2017,,,,
Gupapuyngu-2_white-1,,Gupapuyngu,2_white,gaḻkarra,gaḻkarra,,,Haynie2016;Nash2017,,,,
Gupapuyngu-3_red-1,,Gupapuyngu,3_red,ratjpa,ratjpa,,,Haynie2016;Nash2017,,,,
Gupapuyngu-4_yellow-1,,Gupapuyngu,4_yellow,ḏuŋgul,ḏuŋgul,,,Haynie2016;Nash2017,,,,
Gupapuyngu-5_green-1,,Gupapuyngu,5_green,dhulmu,dhulmu,,,Haynie2016;Nash2017,,,,
Gupapuyngu-7_brown-1,,Gupapuyngu,7_brown,guṉḏirr('),guṉḏirr,,,Haynie2016;Nash2017,,,,
Gupapuyngu-8_grey-1,,Gupapuyngu,8_grey,djirrtjirr,djirrtjirr,,,Haynie2016;Nash2017,,,,
Gurindji-1_black-1,,Gurindji,1_black,mumpuwung,mumpuwung,,,Haynie2016;Nash2017,,,,
Gurindji-2_white-1,,Gurindji,2_white,pilkiya,pilkiya,,,Haynie2016;Nash2017,,,,
Gurindji-3_red-1,,Gurindji,3_red,kikik,kikik,,,Haynie2016;Nash2017,,,,
Gurindji-4_yellow-1,,Gurindji,4_yellow,karrikunkarrikun,karrikunkarrikun,,,Haynie2016;Nash2017,,,,
Gurindji-5_green-1,,Gurindji,5_green,wurrkal,wurrkal,,,Haynie2016;Nash2017,,,,
Gurindji-6_blue-1,,Gurindji,6_blue,wurrkawurrkal,wurrkawurrkal,,,Haynie2016;Nash2017,,,,
Gurindji-9_orange-1,,Gurindji,9_orange,kuntarrikuntarri,kuntarrikuntarri,,,Haynie2016;Nash2017,,,,
GuuguYimidhirr-1_black-1,,GuuguYimidhirr,1_black,munyi,munyi,,,Haynie2016;Nash2017,,,,
GuuguYimidhirr-2_white-1,,GuuguYimidhirr,2_white,bilbin,bilbin,,,Haynie2016;Nash2017,,,,
GuuguYimidhirr-3_red-1,,GuuguYimidhirr,3_red,dieni,dieni,,,Haynie2016;Nash2017,,,,
GuuguYimidhirr-4_yellow-1,,GuuguYimidhirr,4_yellow,barga,barga,,,Haynie2016;Nash2017,,,,
GuuguYimidhirr-6_blue-1,,GuuguYimidhirr,6_blue,dallon,dallon,,,Haynie2016;Nash2017,,,,
GuuguYimidhirr-8_grey-1,,GuuguYimidhirr,8_grey,waitchawaitcha,waitchawaitcha,,,Haynie2016;Nash2017,,,,
Guwamu-1_black-1,,Guwamu,1_black,guul,guul,,,Haynie2016;Nash2017,,,,
Guwamu-2_white-1,,Guwamu,2_white,budhabudha,budhabudha,,,Haynie2016;Nash2017,,,,
Guwamu-3_red-1,,Guwamu,3_red,gudhigudhi,gudhigudhi,,,Haynie2016;Nash2017,,,,
Guwamu-6_blue-1,,Guwamu,6_blue,dhugandu,dhugandu,,,Haynie2016;Nash2017,,,,
Guwamu-8_grey-1,,Guwamu,8_grey,guba,guba,,,Haynie2016;Nash2017,,,,
Guwar-1_black-1,,Guwar,1_black,winjulum,winjulum,,,Haynie2016;Nash2017,,,,
Guwar-2_white-1,,Guwar,2_white,buba,buba,,,Haynie2016;Nash2017,,,,
Guwar-3_red-1,,Guwar,3_red,gurara,gurara,,,Haynie2016;Nash2017,,,,
Guyani-1_black-1,,Guyani,1_black,peimba or blowarn,peimba,,,Haynie2016;Nash2017,,,,
Guyani-1_black-2,,Guyani,1_black,peimba or blowarn,blowarn,,,Haynie2016;Nash2017,,,,
Guyani-2_white-1,,Guyani,2_white,kupa,kupa,,,Haynie2016;Nash2017,,,,
Guyani-3_red-1,,Guyani,3_red,daltatji,daltatji,,,Haynie2016;Nash2017,,,,
Guyani-4_yellow-1,,Guyani,4_yellow,barru,barru,,,Haynie2016;Nash2017,,,,
Guyani-5_green-1,,Guyani,5_green,kaljika,kaljika,,,Haynie2016;Nash2017,,,,
Ikarranggal-1_black-1,,Ikarranggal,1_black,oltjoR,oltjoR,,,Haynie2016;Nash2017,,,,
Ikarranggal-3_red-1,,Ikarranggal,3_red,etjelwetjen,etjelwetjen,,,Haynie2016;Nash2017,,,,
Ikarranggal-8_grey-1,,Ikarranggal,8_grey,olpo,olpo,,,Haynie2016;Nash2017,,,,
Injinoo-1_black-1,,Injinoo,1_black,"unma (Ang/At/Y),  manarra",unma,,,Haynie2016;Nash2017,,,,
Injinoo-1_black-2,,Injinoo,1_black,"unma (Ang/At/Y),  manarra",manarra,,,Haynie2016;Nash2017,,,,
Injinoo-3_red-1,,Injinoo,3_red,"uchurrin, lukukuyn",uchurrin,,,Haynie2016;Nash2017,,,,
Injinoo-3_red-2,,Injinoo,3_red,"uchurrin, lukukuyn",lukukuyn,,,Haynie2016;Nash2017,,,,
Iyora-1_black-1,,Iyora,1_black,ŋana,ŋana,,,Haynie2016;Nash2017,,,,
Iyora-2_white-1,,Iyora,2_white,tyerrá,tyerrá,,,Haynie2016;Nash2017,,,,
Iyora-3_red-1,,Iyora,3_red,múdyıl,múdyıl,,,Haynie2016;Nash2017,,,,
Iyora-4_yellow-1,,Iyora,4_yellow,yerakál,yerakál,,,Haynie2016;Nash2017,,,,
Iyora-5_green-1,,Iyora,5_green,gomu̇n,gomu̇n,,,Haynie2016;Nash2017,,,,
Jaru-1_black-1,,Jaru,1_black,guruuguruu,guruuguruu,,,Haynie2016;Nash2017,,,,
Jaru-2_white-1,,Jaru,2_white,labawu,labawu,,,Haynie2016;Nash2017,,,,
Jaru-3_red-1,,Jaru,3_red,girrgirr,girrgirr,,,Haynie2016;Nash2017,,,,
Jaru-4_yellow-1,,Jaru,4_yellow,gundul,gundul,,,Haynie2016;Nash2017,,,,
Jaru-5_green-1,,Jaru,5_green,wurrgal wurrgal,wurrgal wurrgal,,,Haynie2016;Nash2017,,,,
Jiwarli-1_black-1,,Jiwarli,1_black,kurdu,kurdu,,,Haynie2016;Nash2017,,,,
Jiwarli-2_white-1,,Jiwarli,2_white,jirnda,jirnda,,,Haynie2016;Nash2017,,,,
Jiwarli-3_red-1,,Jiwarli,3_red,martamarta,martamarta,,,Haynie2016;Nash2017,,,,
Jiwarliny-1_black-1,,Jiwarliny,1_black,maru,maru,,,Haynie2016;Nash2017,,,,
Jiwarliny-2_white-1,,Jiwarliny,2_white,wirntikirli,wirntikirli,,,Haynie2016;Nash2017,,,,
Kalkatungu-1_black-1,,Kalkatungu,1_black,marrtyin,marrtyin,,,Haynie2016;Nash2017,,,,
Kalkatungu-2_white-1,,Kalkatungu,2_white,purlupurlu,purlupurlu,,,Haynie2016;Nash2017,,,,
Kalkatungu-3_red-1,,Kalkatungu,3_red,kurrikurri,kurrikurri,,,Haynie2016;Nash2017,,,,
Kalkatungu-4_yellow-1,,Kalkatungu,4_yellow,parruparru,parruparru,,,Haynie2016;Nash2017,,,,
Kalkatungu-5_green-1,,Kalkatungu,5_green,yalapuyalapu,yalapuyalapu,,,Haynie2016;Nash2017,,,,
Karajarri-1_black-1,,Karajarri,1_black,wangu,wangu,,,Haynie2016;Nash2017,,,,
Karajarri-2_white-1,,Karajarri,2_white,lali,lali,,,Haynie2016;Nash2017,,,,
Karajarri-3_red-1,,Karajarri,3_red,wilkarrwilkarr,wilkarrwilkarr,,,Haynie2016;Nash2017,,,,
Karajarri-4_yellow-1,,Karajarri,4_yellow,kumpari,kumpari,,,Haynie2016;Nash2017,,,,
Karajarri-5_green-1,,Karajarri,5_green,pitily,pitily,,,Haynie2016;Nash2017,,,,
Karajarri-8_grey-1,,Karajarri,8_grey,papakuna,papakuna,,,Haynie2016;Nash2017,,,,
Kariyarra-1_black-1,,Kariyarra,1_black,warruwarru,warruwarru,,,Haynie2016;Nash2017,,,,
Kariyarra-2_white-1,,Kariyarra,2_white,mirtamirta,mirtamirta,,,Haynie2016;Nash2017,,,,
Kariyarra-3_red-1,,Kariyarra,3_red,martamarta,martamarta,,,Haynie2016;Nash2017,,,,
Kariyarra-4_yellow-1,,Kariyarra,4_yellow,bilyarrbilyarr,bilyarrbilyarr,,,Haynie2016;Nash2017,,,,
Kariyarra-5_green-1,,Kariyarra,5_green,barlarra,barlarra,,,Haynie2016;Nash2017,,,,
Karree-1_black-1,,Karree,1_black,budu-lång,budu-lång,,,Haynie2016;Nash2017,,,,
Karree-2_white-1,,Karree,2_white,ba-gur,ba-gur,,,Haynie2016;Nash2017,,,,
Karree-3_red-1,,Karree,3_red,dyir-radyi–dyir-radyi,dyir-radyi–dyir-radyi,,,Haynie2016;Nash2017,,,,
Kartujarra-1_black-1,,Kartujarra,1_black,marumaru,marumaru,,,Haynie2016;Nash2017,,,,
Kartujarra-2_white-1,,Kartujarra,2_white,pirlpirl,pirlpirl,,,Haynie2016;Nash2017,,,,
Kartujarra-3_red-1,,Kartujarra,3_red,micimici,micimici,,,Haynie2016;Nash2017,,,,
Kartujarra-5_green-1,,Kartujarra,5_green,yukuriyukuri,yukuriyukuri,,,Haynie2016;Nash2017,,,,
Katthang-1_black-1,,Katthang,1_black,But-ton,But-ton,,,Haynie2016;Nash2017,,,,
Katthang-2_white-1,,Katthang,2_white,Bur-ra,Bur-ra,,,Haynie2016;Nash2017,,,,
Katthang-3_red-1,,Katthang,3_red,Bur-rung,Bur-rung,,,Haynie2016;Nash2017,,,,
Katthang-4_yellow-1,,Katthang,4_yellow,Bil-lin,Bil-lin,,,Haynie2016;Nash2017,,,,
Katthang-5_green-1,,Katthang,5_green,Gir-rung,Gir-rung,,,Haynie2016;Nash2017,,,,
Katthang-7_brown-1,,Katthang,7_brown,Doo-roong,Doo-roong,,,Haynie2016;Nash2017,,,,
Kaurna-1_black-1,,Kaurna,1_black,pulyu-Na,pulyu-Na,,,Haynie2016;Nash2017,,,,
Kaurna-2_white-1,,Kaurna,2_white,perkandi,perkandi,,,Haynie2016;Nash2017,,,,
Kaurna-3_red-1,,Kaurna,3_red,purnkipurnki,purnkipurnki,,,Haynie2016;Nash2017,,,,
Kaurna-4_yellow-1,,Kaurna,4_yellow,wirranniranna,wirranniranna,,,Haynie2016;Nash2017,,,,
Kaurna-5_green-1,,Kaurna,5_green,karalta,karalta,,,Haynie2016;Nash2017,,,,
Kaurna-7_brown-1,,Kaurna,7_brown,purnkipurnki,purnkipurnki,,,Haynie2016;Nash2017,,,,
Kaurna-6_blue-1,,Kaurna,6_blue,karalta,karalta,,,Haynie2016;Nash2017,,,,
Kaytetye-1_black-1,,Kaytetye,1_black,enngwemernte,enngwemernte,,,Haynie2016;Nash2017,,,,
Kaytetye-2_white-1,,Kaytetye,2_white,arltere,arltere,,,Haynie2016;Nash2017,,,,
Kaytetye-3_red-1,,Kaytetye,3_red,arrme,arrme,,,Haynie2016;Nash2017,,,,
Kaytetye-4_yellow-1,,Kaytetye,4_yellow,arrkite,arrkite,,,Haynie2016;Nash2017,,,,
Kaytetye-5_green-1,,Kaytetye,5_green,ahereknge,ahereknge,,,Haynie2016;Nash2017,,,,
Kaytetye-7_brown-1,,Kaytetye,7_brown,amel-amele,amel-amele,,,Haynie2016;Nash2017,,,,
Kaytetye-6_blue-1,,Kaytetye,6_blue,alkere apanpe,alkere apanpe,,,Haynie2016;Nash2017,,,,
Kaytetye-8_grey-1,,Kaytetye,8_grey,arrelkere,arrelkere,,,Haynie2016;Nash2017,,,,
Keerraywoorroong-1_black-1,,Keerraywoorroong,1_black,meeinju wertiin,meeinju wertiin,,,Haynie2016;Nash2017,,,,
Keerraywoorroong-2_white-1,,Keerraywoorroong,2_white,tarndeetch,tarndeetch,,,Haynie2016;Nash2017,,,,
Keerraywoorroong-3_red-1,,Keerraywoorroong,3_red,worrowity,worrowity,,,Haynie2016;Nash2017,,,,
Keerraywoorroong-5_green-1,,Keerraywoorroong,5_green,kuumakuurn knorr,kuumakuurn knorr,,,Haynie2016;Nash2017,,,,
Keerraywoorroong-7_brown-1,,Keerraywoorroong,7_brown,worroweely,worroweely,,,Haynie2016;Nash2017,,,,
Keerraywoorroong-6_blue-1,,Keerraywoorroong,6_blue,ngoom-brety,ngoom-brety,,,Haynie2016;Nash2017,,,,
Keerraywoorroong-8_grey-1,,Keerraywoorroong,8_grey,napkuyeetch,napkuyeetch,,,Haynie2016;Nash2017,,,,
KokoBera-1_black-1,,KokoBera,1_black,ngolthórr,ngolthórr,,,Haynie2016;Nash2017,,,,
KokoBera-2_white-1,,KokoBera,2_white,pvrángvrr,pvrángvrr,,,Haynie2016;Nash2017,,,,
KokoBera-3_red-1,,KokoBera,3_red,purrmépurrmvn,purrmépurrmvn,,,Haynie2016;Nash2017,,,,
KuguNganhcara-1_black-1,,KuguNganhcara,1_black,ngunhca,ngunhca,,,Haynie2016;Nash2017,,,,
KuguNganhcara-2_white-1,,KuguNganhcara,2_white,pathca,pathca,,,Haynie2016;Nash2017,,,,
KuguNganhcara-3_red-1,,KuguNganhcara,3_red,ngolpolintha,ngolpolintha,,,Haynie2016;Nash2017,,,,
Kukatj-1_black-1,,Kukatj,1_black,punther,punther,,,Haynie2016;Nash2017,,,,
Kukatj-2_white-1,,Kukatj,2_white,pijer,pijer,,,Haynie2016;Nash2017,,,,
Kukatj-3_red-1,,Kukatj,3_red,yirmperirmper,yirmperirmper,,,Haynie2016;Nash2017,,,,
Kukatj-4_yellow-1,,Kukatj,4_yellow,thakeraker,thakeraker,,,Haynie2016;Nash2017,,,,
Kukatj-5_green-1,,Kukatj,5_green,purken,purken,,,Haynie2016;Nash2017,,,,
Kukatj-8_grey-1,,Kukatj,8_grey,kunpir,kunpir,,,Haynie2016;Nash2017,,,,
Kukatja-1_black-1,,Kukatja,1_black,maru,maru,,,Haynie2016;Nash2017,,,,
Kukatja-2_white-1,,Kukatja,2_white,lipi,lipi,,,Haynie2016;Nash2017,,,,
Kukatja-3_red-1,,Kukatja,3_red,rangkarr(pa),rangkarr,,,Haynie2016;Nash2017,,,,
Kukatja-4_yellow-1,,Kukatja,4_yellow,gundari,gundari,,,Haynie2016;Nash2017,,,,
Kukatja-5_green-1,,Kukatja,5_green,yukuri,yukuri,,,Haynie2016;Nash2017,,,,
Kukatja-6_blue-1,,Kukatja,6_blue,tiltil(pa),tiltil,,,Haynie2016;Nash2017,,,,
Kukatja-8_grey-1,,Kukatja,8_grey,yintji,yintji,,,Haynie2016;Nash2017,,,,
Kungadutyi-2_white-1,,Kungadutyi,2_white,kupa/kupi(ya) (kupia),kupa,,,Haynie2016;Nash2017,,,,
Kungadutyi-2_white-2,,Kungadutyi,2_white,kupa/kupi(ya) (kupia),kupi,,,Haynie2016;Nash2017,,,,
Kungadutyi-3_red-1,,Kungadutyi,3_red,pitapita,pitapita,,,Haynie2016;Nash2017,,,,
Kungkari-1_black-1,,Kungkari,1_black,marnkirl,marnkirl,,,Haynie2016;Nash2017,,,,
Kungkari-3_red-1,,Kungkari,3_red,rikirikiridi,rikirikiridi,,,Haynie2016;Nash2017,,,,
Kunjen-1_black-1,,Kunjen,1_black,ocor,ocor,,,Haynie2016;Nash2017,,,,
Kunjen-2_white-1,,Kunjen,2_white,arrp3r,arrp3r,,,Haynie2016;Nash2017,,,,
Kunjen-3_red-1,,Kunjen,3_red,ecelbhecen,ecelbhecen,,,Haynie2016;Nash2017,,,,
Kunjen-8_grey-1,,Kunjen,8_grey,eral,eral,,,Haynie2016;Nash2017,,,,
Kurnu-1_black-1,,Kurnu,1_black,karkreeka,karkreeka,,,Haynie2016;Nash2017,,,,
Kurnu-2_white-1,,Kurnu,2_white,bi-chooka,bi-chooka,,,Haynie2016;Nash2017,,,,
Kurnu-3_red-1,,Kurnu,3_red,năhllkeekă,năhllkeekă,,,Haynie2016;Nash2017,,,,
Kurnu-5_green-1,,Kurnu,5_green,noonbaraka,noonbaraka,,,Haynie2016;Nash2017,,,,
Kurnu-6_blue-1,,Kurnu,6_blue,ko-kreeka,ko-kreeka,,,Haynie2016;Nash2017,,,,
Kurnu-8_grey-1,,Kurnu,8_grey,goorra,goorra,,,Haynie2016;Nash2017,,,,
Kurrama-1_black-1,,Kurrama,1_black,warru,warru,,,Haynie2016;Nash2017,,,,
Kurrama-2_white-1,,Kurrama,2_white,jirtpa,jirtpa,,,Haynie2016;Nash2017,,,,
Kurrama-3_red-1,,Kurrama,3_red,marda-marda,marda-marda,,,Haynie2016;Nash2017,,,,
Kurrama-5_green-1,,Kurrama,5_green,patharra,patharra,,,Haynie2016;Nash2017,,,,
Kurrama-8_grey-1,,Kurrama,8_grey,jiwarra,jiwarra,,,Haynie2016;Nash2017,,,,
Kurtjar-1_black-1,,Kurtjar,1_black,lthoorgh,lthoorgh,,,Haynie2016;Nash2017,,,,
Kurtjar-2_white-1,,Kurtjar,2_white,ghithithuang,ghithithuang,,,Haynie2016;Nash2017,,,,
Kurtjar-3_red-1,,Kurtjar,3_red,ghanhichargh,ghanhichargh,,,Haynie2016;Nash2017,,,,
Kurtjar-7_brown-1,,Kurtjar,7_brown,mbaʀ,mbaʀ,,,Haynie2016;Nash2017,,,,
Kurtjar-8_grey-1,,Kurtjar,8_grey,rthuaalgh,rthuaalgh,,,Haynie2016;Nash2017,,,,
KuukThaayorre-1_black-1,,KuukThaayorre,1_black,ngotan,ngotan,,,Haynie2016;Nash2017,,,,
KuukThaayorre-2_white-1,,KuukThaayorre,2_white,kermpl,kermpl,,,Haynie2016;Nash2017,,,,
KuukThaayorre-3_red-1,,KuukThaayorre,3_red,kamkamu,kamkamu,,,Haynie2016;Nash2017,,,,
KuukThaayorre-4_yellow-1,,KuukThaayorre,4_yellow,kacar,kacar,,,Haynie2016;Nash2017,,,,
KuukThaayorre-5_green-1,,KuukThaayorre,5_green,mewer,mewer,,,Haynie2016;Nash2017,,,,
KuukuYau-1_black-1,,KuukuYau,1_black,thungku,thungku,,,Haynie2016;Nash2017,,,,
KuukuYau-2_white-1,,KuukuYau,2_white,pulpu,pulpu,,,Haynie2016;Nash2017,,,,
KuukuYau-3_red-1,,KuukuYau,3_red,pulpanchi,pulpanchi,,,Haynie2016;Nash2017,,,,
KuukuYau-5_green-1,,KuukuYau,5_green,yalu,yalu,,,Haynie2016;Nash2017,,,,
Linngithigh-1_black-1,,Linngithigh,1_black,ngko(δro),ngko,,,Haynie2016;Nash2017,,,,
Linngithigh-2_white-1,,Linngithigh,2_white,iyin,iyin,,,Haynie2016;Nash2017,,,,
Mabuiag-1_black-1,,Mabuiag,1_black,kubikub,kubikub,,,Haynie2016;Nash2017,,,,
Mabuiag-2_white-1,,Mabuiag,2_white,bolad-gamul,bolad-gamul,,,Haynie2016;Nash2017,,,,
Mabuiag-3_red-1,,Mabuiag,3_red,giitad-gamul,giitad-gamul,,,Haynie2016;Nash2017,,,,
Mabuiag-4_yellow-1,,Mabuiag,4_yellow,karad-gamul,karad-gamul,,,Haynie2016;Nash2017,,,,
Mabuiag-5_green-1,,Mabuiag,5_green,buradunga,buradunga,,,Haynie2016;Nash2017,,,,
Mabuiag-7_brown-1,,Mabuiag,7_brown,buru-gamul,buru-gamul,,,Haynie2016;Nash2017,,,,
Mabuiag-6_blue-1,,Mabuiag,6_blue,boad-gamul,boad-gamul,,,Haynie2016;Nash2017,,,,
Mabuiag-8_grey-1,,Mabuiag,8_grey,gwabagwabad-gamul,gwabagwabad-gamul,,,Haynie2016;Nash2017,,,,
Mabuiag-9_orange-1,,Mabuiag,9_orange,ar-kulkad-gamul,ar-kulkad-gamul,,,Haynie2016;Nash2017,,,,
Malgana-1_black-1,,Malgana,1_black,madhara,madhara,,,Haynie2016;Nash2017,,,,
Malgana-2_white-1,,Malgana,2_white,wilidhi,wilidhi,,,Haynie2016;Nash2017,,,,
Malgana-3_red-1,,Malgana,3_red,maniwiri,maniwiri,,,Haynie2016;Nash2017,,,,
Malngin-1_black-1,,Malngin,1_black,"ngijpurru, mumpu (paint), warrpalangin (paint?)",ngijpurru,,,Haynie2016;Nash2017,,,,
Malngin-1_black-2,,Malngin,1_black,"ngijpurru, mumpu (paint), warrpalangin (paint?)",mumpu,,,Haynie2016;Nash2017,,,,
Malngin-1_black-3,,Malngin,1_black,"ngijpurru, mumpu (paint), warrpalangin (paint?)",warrpalangin,,,Haynie2016;Nash2017,,,,
Malngin-2_white-1,,Malngin,2_white,kalyji,kalyji,,,Haynie2016;Nash2017,,,,
Malngin-3_red-1,,Malngin,3_red,ngurri (paint),ngurri,,,Haynie2016;Nash2017,,,,
Malyangapa-1_black-1,,Malyangapa,1_black,maRukatha,maRukatha,,,Haynie2016;Nash2017,,,,
Malyangapa-2_white-1,,Malyangapa,2_white,patjarka,patjarka,,,Haynie2016;Nash2017,,,,
Malyangapa-3_red-1,,Malyangapa,3_red,parkarditjulu,parkarditjulu,,,Haynie2016;Nash2017,,,,
Malyangapa-4_yellow-1,,Malyangapa,4_yellow,Mal: pilthi,Mal: pilthi,,,Haynie2016;Nash2017,,,,
Malyangapa-5_green-1,,Malyangapa,5_green,ngurru,ngurru,,,Haynie2016;Nash2017,,,,
Malyangapa-7_brown-1,,Malyangapa,7_brown,muna,muna,,,Haynie2016;Nash2017,,,,
Mangala-1_black-1,,Mangala,1_black,kurru,kurru,,,Haynie2016;Nash2017,,,,
Mangala-2_white-1,,Mangala,2_white,la:li,la:li,,,Haynie2016;Nash2017,,,,
Mangala-3_red-1,,Mangala,3_red,mirbal,mirbal,,,Haynie2016;Nash2017,,,,
Mangala-5_green-1,,Mangala,5_green,bidilj,bidilj,,,Haynie2016;Nash2017,,,,
Margany-1_black-1,,Margany,1_black,gudul,gudul,,,Haynie2016;Nash2017,,,,
Margany-2_white-1,,Margany,2_white,bunduny,bunduny,,,Haynie2016;Nash2017,,,,
Margany-3_red-1,,Margany,3_red,gudhigudhi,gudhigudhi,,,Haynie2016;Nash2017,,,,
MartuWangka-1_black-1,,MartuWangka,1_black,maru-maru,maru-maru,,,Haynie2016;Nash2017,,,,
MartuWangka-2_white-1,,MartuWangka,2_white,ngintarlpa,ngintarlpa,,,Haynie2016;Nash2017,,,,
MartuWangka-3_red-1,,MartuWangka,3_red,miji-miji,miji-miji,,,Haynie2016;Nash2017,,,,
MartuWangka-5_green-1,,MartuWangka,5_green,yukuri-yukuri,yukuri-yukuri,,,Haynie2016;Nash2017,,,,
MaryRiverandBunyaBunyaCountry-1_black-1,,MaryRiverandBunyaBunyaCountry,1_black,mul’lu,mul’lu,,,Haynie2016;Nash2017,,,,
MaryRiverandBunyaBunyaCountry-2_white-1,,MaryRiverandBunyaBunyaCountry,2_white,ka’kal,ka’kal,,,Haynie2016;Nash2017,,,,
MaryRiverandBunyaBunyaCountry-3_red-1,,MaryRiverandBunyaBunyaCountry,3_red,bothar,bothar,,,Haynie2016;Nash2017,,,,
MaryRiverandBunyaBunyaCountry-8_grey-1,,MaryRiverandBunyaBunyaCountry,8_grey,gi’lan,gi’lan,,,Haynie2016;Nash2017,,,,
MathiMathi-1_black-1,,MathiMathi,1_black,wurrgirrim,wurrgirrim,,,Haynie2016;Nash2017,,,,
MathiMathi-2_white-1,,MathiMathi,2_white,wirlerrma,wirlerrma,,,Haynie2016;Nash2017,,,,
MathiMathi-3_red-1,,MathiMathi,3_red,"dharla, dharlabil",dharla,,,Haynie2016;Nash2017,,,,
MathiMathi-3_red-2,,MathiMathi,3_red,"dharla, dharlabil",dharlabil,,,Haynie2016;Nash2017,,,,
MayiKulan-1_black-1,,MayiKulan,1_black,marrtjin,marrtjin,,,Haynie2016;Nash2017,,,,
MayiKulan-2_white-1,,MayiKulan,2_white,punamu,punamu,,,Haynie2016;Nash2017,,,,
MayiKulan-3_red-1,,MayiKulan,3_red,paRul,paRul,,,Haynie2016;Nash2017,,,,
MayiKulan-5_green-1,,MayiKulan,5_green,kiltjan,kiltjan,,,Haynie2016;Nash2017,,,,
MayiKutuna-1_black-1,,MayiKutuna,1_black,wupilkupil,wupilkupil,,,Haynie2016;Nash2017,,,,
MayiKutuna-2_white-1,,MayiKutuna,2_white,parala,parala,,,Haynie2016;Nash2017,,,,
MayiKutuna-3_red-1,,MayiKutuna,3_red,wurtikurti,wurtikurti,,,Haynie2016;Nash2017,,,,
MayiThakurti-1_black-1,,MayiThakurti,1_black,marrtjin,marrtjin,,,Haynie2016;Nash2017,,,,
MayiThakurti-2_white-1,,MayiThakurti,2_white,punaru,punaru,,,Haynie2016;Nash2017,,,,
MayiThakurti-3_red-1,,MayiThakurti,3_red,kilkilkaRu ?,kilkilkaRu,,,Haynie2016;Nash2017,,,,
MayiYapi-1_black-1,,MayiYapi,1_black,marrtjin,marrtjin,,,Haynie2016;Nash2017,,,,
MayiYapi-2_white-1,,MayiYapi,2_white,pulpu,pulpu,,,Haynie2016;Nash2017,,,,
MayiYapi-3_red-1,,MayiYapi,3_red,pathaRakuyn,pathaRakuyn,,,Haynie2016;Nash2017,,,,
MayiYapi-5_green-1,,MayiYapi,5_green,kiltjan,kiltjan,,,Haynie2016;Nash2017,,,,
Mbabaram-1_black-1,,Mbabaram,1_black,arrngin,arrngin,,,Haynie2016;Nash2017,,,,
Mbabaram-2_white-1,,Mbabaram,2_white,alngkwuri,alngkwuri,,,Haynie2016;Nash2017,,,,
Mbakwithi-1_black-1,,Mbakwithi,1_black,rraw,rraw,,,Haynie2016;Nash2017,,,,
Mbakwithi-3_red-1,,Mbakwithi,3_red,tralawati,tralawati,,,Haynie2016;Nash2017,,,,
Mbakwithi-4_yellow-1,,Mbakwithi,4_yellow,adhiki,adhiki,,,Haynie2016;Nash2017,,,,
Mbakwithi-5_green-1,,Mbakwithi,5_green,thAEBi,thAEBi,,,Haynie2016;Nash2017,,,,
Mbakwithi-7_brown-1,,Mbakwithi,7_brown,ixiti,ixiti,,,Haynie2016;Nash2017,,,,
Mbakwithi-8_grey-1,,Mbakwithi,8_grey,roga,roga,,,Haynie2016;Nash2017,,,,
Minjungbal-2_white-1,,Minjungbal,2_white,giba-ra,giba-ra,,,Haynie2016;Nash2017,,,,
Minjungbal-3_red-1,,Minjungbal,3_red,gudyin,gudyin,,,Haynie2016;Nash2017,,,,
Mirniny-1_black-1,,Mirniny,1_black,kartaya,kartaya,,,Haynie2016;Nash2017,,,,
Mirniny-2_white-1,,Mirniny,2_white,ngirangira,ngirangira,,,Haynie2016;Nash2017,,,,
Mithaka-1_black-1,,Mithaka,1_black,tjimpa,tjimpa,,,Haynie2016;Nash2017,,,,
Mithaka-2_white-1,,Mithaka,2_white,warruputha,warruputha,,,Haynie2016;Nash2017,,,,
Mithaka-3_red-1,,Mithaka,3_red,tyirtiti,tyirtiti,,,Haynie2016;Nash2017,,,,
Mithaka-5_green-1,,Mithaka,5_green,kurkiRi,kurkiRi,,,Haynie2016;Nash2017,,,,
Mudburra-1_black-1,,Mudburra,1_black,mungarramungarra,mungarramungarra,,,Haynie2016;Nash2017,,,,
Mudburra-2_white-1,,Mudburra,2_white,liwakarra,liwakarra,,,Haynie2016;Nash2017,,,,
Mudburra-3_red-1,,Mudburra,3_red,pilyingpilyinga,pilyingpilyinga,,,Haynie2016;Nash2017,,,,
Mudburra-4_yellow-1,,Mudburra,4_yellow,tankurra,tankurra,,,Haynie2016;Nash2017,,,,
Mudburra-5_green-1,,Mudburra,5_green,jayilyak,jayilyak,,,Haynie2016;Nash2017,,,,
Muruwari-1_black-1,,Muruwari,1_black,karta,karta,,,Haynie2016;Nash2017,,,,
Muruwari-2_white-1,,Muruwari,2_white,pulam-pulam,pulam-pulam,,,Haynie2016;Nash2017,,,,
Muruwari-3_red-1,,Muruwari,3_red,marrki-marrki,marrki-marrki,,,Haynie2016;Nash2017,,,,
Muruwari-4_yellow-1,,Muruwari,4_yellow,kurnan-kurnan,kurnan-kurnan,,,Haynie2016;Nash2017,,,,
Muruwari-5_green-1,,Muruwari,5_green,pampulkala,pampulkala,,,Haynie2016;Nash2017,,,,
Muruwari-8_grey-1,,Muruwari,8_grey,puki,puki,,,Haynie2016;Nash2017,,,,
Narungga-1_black-1,,Narungga,1_black,bulyu,bulyu,,,Haynie2016;Nash2017,,,,
Narungga-2_white-1,,Narungga,2_white,malga,malga,,,Haynie2016;Nash2017,,,,
Narungga-3_red-1,,Narungga,3_red,dilali,dilali,,,Haynie2016;Nash2017,,,,
Ngaanyatjarra-1_black-1,,Ngaanyatjarra,1_black,maru,maru,,,Haynie2016;Nash2017,,,,
Ngaanyatjarra-2_white-1,,Ngaanyatjarra,2_white,pirntalpa,pirntalpa,,,Haynie2016;Nash2017,,,,
Ngaanyatjarra-3_red-1,,Ngaanyatjarra,3_red,tjitirn-tjitirnpa,tjitirn-tjitirnpa,,,Haynie2016;Nash2017,,,,
Ngaanyatjarra-4_yellow-1,,Ngaanyatjarra,4_yellow,pirlka,pirlka,,,Haynie2016;Nash2017,,,,
Ngaanyatjarra-5_green-1,,Ngaanyatjarra,5_green,kana,kana,,,Haynie2016;Nash2017,,,,
Ngadjumaya-1_black-1,,Ngadjumaya,1_black,maŋuru,maŋuru,,,Haynie2016;Nash2017,,,,
Ngadjumaya-2_white-1,,Ngadjumaya,2_white,"ŋiiraŋiira, ŋiiaŋiia",ŋiiraŋiira,,,Haynie2016;Nash2017,,,,
Ngadjumaya-2_white-2,,Ngadjumaya,2_white,"ŋiiraŋiira, ŋiiaŋiia",ŋiiaŋiia,,,Haynie2016;Nash2017,,,,
Ngadjumaya-3_red-1,,Ngadjumaya,3_red,jurniŋ'jurniŋ',jurniŋ'jurniŋ',,,Haynie2016;Nash2017,,,,
Ngadjumaya-5_green-1,,Ngadjumaya,5_green,t́iĺa,t́iĺa,,,Haynie2016;Nash2017,,,,
Ngadjumaya-6_blue-1,,Ngadjumaya,6_blue,kui̱ale(r)i-,kui̱alei-,,,Haynie2016;Nash2017,,,,
Ngadjuri-1_black-1,,Ngadjuri,1_black,murunga,murunga,,,Haynie2016;Nash2017,,,,
Ngadjuri-2_white-1,,Ngadjuri,2_white,wenda,wenda,,,Haynie2016;Nash2017,,,,
Ngaiawang-1_black-1,,Ngaiawang,1_black,nimmimi,nimmimi,,,Haynie2016;Nash2017,,,,
Ngaiawang-2_white-1,,Ngaiawang,2_white,palgarinyi,palgarinyi,,,Haynie2016;Nash2017,,,,
Ngaiawang-3_red-1,,Ngaiawang,3_red,"kantukanturangko, rumrum",kantukanturangko,,,Haynie2016;Nash2017,,,,
Ngaiawang-3_red-2,,Ngaiawang,3_red,"kantukanturangko, rumrum",rumrum,,,Haynie2016;Nash2017,,,,
Ngaiawang-5_green-1,,Ngaiawang,5_green,komkomko,komkomko,,,Haynie2016;Nash2017,,,,
Ngamini-1_black-1,,Ngamini,1_black,maru,maru,,,Haynie2016;Nash2017,,,,
Ngamini-2_white-1,,Ngamini,2_white,purlu,purlu,,,Haynie2016;Nash2017,,,,
Ngamini-3_red-1,,Ngamini,3_red,maRadyi,maRadyi,,,Haynie2016;Nash2017,,,,
Ngamini-5_green-1,,Ngamini,5_green,kunakuna,kunakuna,,,Haynie2016;Nash2017,,,,
Ngarigu-1_black-1,,Ngarigu,1_black,dhagug,dhagug,,,Haynie2016;Nash2017,,,,
Ngarigu-2_white-1,,Ngarigu,2_white,gurbid,gurbid,,,Haynie2016;Nash2017,,,,
Ngarigu-3_red-1,,Ngarigu,3_red,"ngayarr-ngayarr, ngayarr",ngayarr-ngayarr,,,Haynie2016;Nash2017,,,,
Ngarigu-3_red-2,,Ngarigu,3_red,"ngayarr-ngayarr, ngayarr",ngayarr,,,Haynie2016;Nash2017,,,,
Ngarinyman-1_black-1,,Ngarinyman,1_black,ngijburrang,ngijburrang,,,Haynie2016;Nash2017,,,,
Ngarinyman-2_white-1,,Ngarinyman,2_white,wagi,wagi,,,Haynie2016;Nash2017,,,,
Ngarinyman-3_red-1,,Ngarinyman,3_red,win.gilyang,win.gilyang,,,Haynie2016;Nash2017,,,,
Ngarinyman-4_yellow-1,,Ngarinyman,4_yellow,gundariny-marraj,gundariny-marraj,,,Haynie2016;Nash2017,,,,
Ngarinyman-5_green-1,,Ngarinyman,5_green,wurrgal,wurrgal,,,Haynie2016;Nash2017,,,,
Ngarinyman-7_brown-1,,Ngarinyman,7_brown,mungarrangarna,mungarrangarna,,,Haynie2016;Nash2017,,,,
Ngarinyman-6_blue-1,,Ngarinyman,6_blue,ngawa-marraj,ngawa-marraj,,,Haynie2016;Nash2017,,,,
Ngarinyman-9_orange-1,,Ngarinyman,9_orange,garrigun-marraj,garrigun-marraj,,,Haynie2016;Nash2017,,,,
Ngarla-1_black-1,,Ngarla,1_black,warrukurla,warrukurla,,,Haynie2016;Nash2017,,,,
Ngarla-2_white-1,,Ngarla,2_white,mirta-mirta,mirta-mirta,,,Haynie2016;Nash2017,,,,
Ngarla-3_red-1,,Ngarla,3_red,"miki, pílyari ~ pílari",miki,,,Haynie2016;Nash2017,,,,
Ngarla-3_red-2,,Ngarla,3_red,"miki, pílyari ~ pílari",pílyari,,,Haynie2016;Nash2017,,,,
Ngarla-3_red-3,,Ngarla,3_red,"miki, pílyari ~ pílari",pílari,,,Haynie2016;Nash2017,,,,
Ngarla-4_yellow-1,,Ngarla,4_yellow,"kákùl, túnù, pútùngùrrù",kákùl,,,Haynie2016;Nash2017,,,,
Ngarla-4_yellow-2,,Ngarla,4_yellow,"kákùl, túnù, pútùngùrrù",túnù,,,Haynie2016;Nash2017,,,,
Ngarla-4_yellow-3,,Ngarla,4_yellow,"kákùl, túnù, pútùngùrrù",pútùngùrrù,,,Haynie2016;Nash2017,,,,
Ngarla-5_green-1,,Ngarla,5_green,patalyi,patalyi,,,Haynie2016;Nash2017,,,,
Ngarla-6_blue-1,,Ngarla,6_blue,yalurnmarra,yalurnmarra,,,Haynie2016;Nash2017,,,,
Ngarla-8_grey-1,,Ngarla,8_grey,mirta,mirta,,,Haynie2016;Nash2017,,,,
Ngarluma-1_black-1,,Ngarluma,1_black,warru,warru,,,Haynie2016;Nash2017,,,,
Ngarluma-2_white-1,,Ngarluma,2_white,mirdamirda,mirdamirda,,,Haynie2016;Nash2017,,,,
Ngarluma-3_red-1,,Ngarluma,3_red,mardamarda,mardamarda,,,Haynie2016;Nash2017,,,,
Ngarluma-4_yellow-1,,Ngarluma,4_yellow,buthunguru,buthunguru,,,Haynie2016;Nash2017,,,,
Ngarluma-5_green-1,,Ngarluma,5_green,balharra,balharra,,,Haynie2016;Nash2017,,,,
Ngarluma-6_blue-1,,Ngarluma,6_blue,warruwarru,warruwarru,,,Haynie2016;Nash2017,,,,
Ngarluma-8_grey-1,,Ngarluma,8_grey,barragura,barragura,,,Haynie2016;Nash2017,,,,
Ngarrindjeri-1_black-1,,Ngarrindjeri,1_black,kineman,kineman,,,Haynie2016;Nash2017,,,,
Ngarrindjeri-2_white-1,,Ngarrindjeri,2_white,balpi,balpi,,,Haynie2016;Nash2017,,,,
Ngarrindjeri-3_red-1,,Ngarrindjeri,3_red,kurunggulun,kurunggulun,,,Haynie2016;Nash2017,,,,
Ngarrindjeri-5_green-1,,Ngarrindjeri,5_green,ngthummulun,ngthummulun,,,Haynie2016;Nash2017,,,,
Ngarrindjeri-8_grey-1,,Ngarrindjeri,8_grey,kenk,kenk,,,Haynie2016;Nash2017,,,,
Ngarrindjeri-9_orange-1,,Ngarrindjeri,9_orange,milkurli,milkurli,,,Haynie2016;Nash2017,,,,
Ngawun-1_black-1,,Ngawun,1_black,marrtjin,marrtjin,,,Haynie2016;Nash2017,,,,
Ngawun-2_white-1,,Ngawun,2_white,punaru,punaru,,,Haynie2016;Nash2017,,,,
NggoiMwoi-1_black-1,,NggoiMwoi,1_black,doondeen,doondeen,,,Haynie2016;Nash2017,,,,
NggoiMwoi-2_white-1,,NggoiMwoi,2_white,kibbera,kibbera,,,Haynie2016;Nash2017,,,,
NggoiMwoi-3_red-1,,NggoiMwoi,3_red,kudgeen,kudgeen,,,Haynie2016;Nash2017,,,,
Ngiyambaa-1_black-1,,Ngiyambaa,1_black,puluy,puluy,,,Haynie2016;Nash2017,,,,
Ngiyambaa-2_white-1,,Ngiyambaa,2_white,pangkapa,pangkapa,,,Haynie2016;Nash2017,,,,
Ngiyambaa-3_red-1,,Ngiyambaa,3_red,kirraparaay,kirraparaay,,,Haynie2016;Nash2017,,,,
Ngiyambaa-4_yellow-1,,Ngiyambaa,4_yellow,kunayiŋkuna,kunayiŋkuna,,,Haynie2016;Nash2017,,,,
Ngiyambaa-5_green-1,,Ngiyambaa,5_green,kiityan,kiityan,,,Haynie2016;Nash2017,,,,
Ngiyambaa-7_brown-1,,Ngiyambaa,7_brown,thakaŋaliya,thakaŋaliya,,,Haynie2016;Nash2017,,,,
Ngiyambaa-6_blue-1,,Ngiyambaa,6_blue,pulawi,pulawi,,,Haynie2016;Nash2017,,,,
Ngunawal-1_black-1,,Ngunawal,1_black,buru-buraa,buru-buraa,,,Haynie2016;Nash2017,,,,
Ngunawal-2_white-1,,Ngunawal,2_white,daguru-gurag,daguru-gurag,,,Haynie2016;Nash2017,,,,
Ngunawal-3_red-1,,Ngunawal,3_red,dhirrum dhirrum,dhirrum dhirrum,,,Haynie2016;Nash2017,,,,
Nhanta-1_black-1,,Nhanta,1_black,wurqarra,wurqarra,,,Haynie2016;Nash2017,,,,
Nhanta-2_white-1,,Nhanta,2_white,mini,mini,,,Haynie2016;Nash2017,,,,
Nhanta-3_red-1,,Nhanta,3_red,marniwidi,marniwidi,,,Haynie2016;Nash2017,,,,
Nhirrpi-1_black-1,,Nhirrpi,1_black,murrumurru,murrumurru,,,Haynie2016;Nash2017,,,,
Nhirrpi-3_red-1,,Nhirrpi,3_red,pidibidi,pidibidi,,,Haynie2016;Nash2017,,,,
Nhirrpi-5_green-1,,Nhirrpi,5_green,kurrgagurrarri,kurrgagurrarri,,,Haynie2016;Nash2017,,,,
Ntrangith-1_black-1,,Ntrangith,1_black,ʼɑ́ru,ʼɑ́ru,,,Haynie2016;Nash2017,,,,
Ntrangith-2_white-1,,Ntrangith,2_white,ƫɑwɑr,ƫɑwɑr,,,Haynie2016;Nash2017,,,,
Ntrangith-3_red-1,,Ntrangith,3_red,piwir,piwir,,,Haynie2016;Nash2017,,,,
Nyamal-1_black-1,,Nyamal,1_black,walukurra ~ warrukurla,walukurra,,,Haynie2016;Nash2017,,,,
Nyamal-1_black-2,,Nyamal,1_black,walukurra ~ warrukurla,warrukurla,,,Haynie2016;Nash2017,,,,
Nyamal-2_white-1,,Nyamal,2_white,mirtamirta,mirtamirta,,,Haynie2016;Nash2017,,,,
Nyamal-3_red-1,,Nyamal,3_red,mijimiji,mijimiji,,,Haynie2016;Nash2017,,,,
Nyamal-5_green-1,,Nyamal,5_green,"martajarri, pataljali, warrulywarruly",martajarri,,,Haynie2016;Nash2017,,,,
Nyamal-5_green-2,,Nyamal,5_green,"martajarri, pataljali, warrulywarruly",pataljali,,,Haynie2016;Nash2017,,,,
Nyamal-5_green-3,,Nyamal,5_green,"martajarri, pataljali, warrulywarruly",warrulywarruly,,,Haynie2016;Nash2017,,,,
Nyangumarta-1_black-1,,Nyangumarta,1_black,"kalarru, warrukurla",kalarru,,,Haynie2016;Nash2017,,,,
Nyangumarta-1_black-2,,Nyangumarta,1_black,"kalarru, warrukurla",warrukurla,,,Haynie2016;Nash2017,,,,
Nyangumarta-2_white-1,,Nyangumarta,2_white,larli-kata,larli-kata,,,Haynie2016;Nash2017,,,,
Nyangumarta-3_red-1,,Nyangumarta,3_red,pilyarri,pilyarri,,,Haynie2016;Nash2017,,,,
Nyangumarta-4_yellow-1,,Nyangumarta,4_yellow,kakirr,kakirr,,,Haynie2016;Nash2017,,,,
Nyangumarta-5_green-1,,Nyangumarta,5_green,warruly,warruly,,,Haynie2016;Nash2017,,,,
Nyangumarta-7_brown-1,,Nyangumarta,7_brown,jungkarrjungkarr,jungkarrjungkarr,,,Haynie2016;Nash2017,,,,
Nyangumarta-8_grey-1,,Nyangumarta,8_grey,mirta,mirta,,,Haynie2016;Nash2017,,,,
Nyangumarta-9_orange-1,,Nyangumarta,9_orange,"kumparri, miling",kumparri,,,Haynie2016;Nash2017,,,,
Nyangumarta-9_orange-2,,Nyangumarta,9_orange,"kumparri, miling",miling,,,Haynie2016;Nash2017,,,,
Nyungar-1_black-1,,Nyungar,1_black,kumma,kumma,,,Haynie2016;Nash2017,,,,
Nyungar-2_white-1,,Nyungar,2_white,tel,tel,,,Haynie2016;Nash2017,,,,
Nyungar-3_red-1,,Nyungar,3_red,yurnin,yurnin,,,Haynie2016;Nash2017,,,,
Nyungar-4_yellow-1,,Nyungar,4_yellow,yool-jie-ah,yool-jie-ah,,,Haynie2016;Nash2017,,,,
Nyungar-5_green-1,,Nyungar,5_green,turtong,turtong,,,Haynie2016;Nash2017,,,,
Nyungar-7_brown-1,,Nyungar,7_brown,je-da-re,je-da-re,,,Haynie2016;Nash2017,,,,
Nyungar-6_blue-1,,Nyungar,6_blue,mu-yub‹rra,mu-yub‹rra,,,Haynie2016;Nash2017,,,,
Nyungar-8_grey-1,,Nyungar,8_grey,DJENDAL,DJENDAL,,,Haynie2016;Nash2017,,,,
Paakantyi-1_black-1,,Paakantyi,1_black,kukirika,kukirika,,,Haynie2016;Nash2017,,,,
Paakantyi-2_white-1,,Paakantyi,2_white,paatyirka,paatyirka,,,Haynie2016;Nash2017,,,,
Paakantyi-3_red-1,,Paakantyi,3_red,"ngalkina, ngalkirka",ngalkina,,,Haynie2016;Nash2017,,,,
Paakantyi-3_red-2,,Paakantyi,3_red,"ngalkina, ngalkirka",ngalkirka,,,Haynie2016;Nash2017,,,,
Paakantyi-4_yellow-1,,Paakantyi,4_yellow,wapirka,wapirka,,,Haynie2016;Nash2017,,,,
Paakantyi-5_green-1,,Paakantyi,5_green,nhumparka,nhumparka,,,Haynie2016;Nash2017,,,,
Paakantyi-8_grey-1,,Paakantyi,8_grey,kuRa,kuRa,,,Haynie2016;Nash2017,,,,
Pakanh-1_black-1,,Pakanh,1_black,nhowanhtha,nhowanhtha,,,Haynie2016;Nash2017,,,,
Pakanh-2_white-1,,Pakanh,2_white,motpo,motpo,,,Haynie2016;Nash2017,,,,
Pakanh-3_red-1,,Pakanh,3_red,ijam,ijam,,,Haynie2016;Nash2017,,,,
Panyjima-1_black-1,,Panyjima,1_black,warru,warru,,,Haynie2016;Nash2017,,,,
Panyjima-2_white-1,,Panyjima,2_white,jibarra,jibarra,,,Haynie2016;Nash2017,,,,
Panyjima-3_red-1,,Panyjima,3_red,martamarta,martamarta,,,Haynie2016;Nash2017,,,,
Parnkala-1_black-1,,Parnkala,1_black,pimba,pimba,,,Haynie2016;Nash2017,,,,
Parnkala-2_white-1,,Parnkala,2_white,palkarra,palkarra,,,Haynie2016;Nash2017,,,,
Parnkala-3_red-1,,Parnkala,3_red,pitara,pitara,,,Haynie2016;Nash2017,,,,
Parnkala-4_yellow-1,,Parnkala,4_yellow,palkurru,palkurru,,,Haynie2016;Nash2017,,,,
Parnkala-5_green-1,,Parnkala,5_green,kalluru,kalluru,,,Haynie2016;Nash2017,,,,
Parnkala-7_brown-1,,Parnkala,7_brown,pangkurriti,pangkurriti,,,Haynie2016;Nash2017,,,,
Parnkala-6_blue-1,,Parnkala,6_blue,karrenyerenye,karrenyerenye,,,Haynie2016;Nash2017,,,,
Parnkala-8_grey-1,,Parnkala,8_grey,palkanyalla,palkanyalla,,,Haynie2016;Nash2017,,,,
Payungu-1_black-1,,Payungu,1_black,kurluwa,kurluwa,,,Haynie2016;Nash2017,,,,
Payungu-2_white-1,,Payungu,2_white,jingkirl,jingkirl,,,Haynie2016;Nash2017,,,,
Payungu-3_red-1,,Payungu,3_red,kulhuwiyi,kulhuwiyi,,,Haynie2016;Nash2017,,,,
Payungu-5_green-1,,Payungu,5_green,purrungukaya,purrungukaya,,,Haynie2016;Nash2017,,,,
Payungu-8_grey-1,,Payungu,8_grey,piyarltyi,piyarltyi,,,Haynie2016;Nash2017,,,,
Pintupi-Luritja-1_black-1,,Pintupi-Luritja,1_black,"maru, wurrpala, yalta",maru,,,Haynie2016;Nash2017,,,,
Pintupi-Luritja-1_black-2,,Pintupi-Luritja,1_black,"maru, wurrpala, yalta",wurrpala,,,Haynie2016;Nash2017,,,,
Pintupi-Luritja-1_black-3,,Pintupi-Luritja,1_black,"maru, wurrpala, yalta",yalta,,,Haynie2016;Nash2017,,,,
Pintupi-Luritja-2_white-1,,Pintupi-Luritja,2_white,nimpilpa,nimpilpa,,,Haynie2016;Nash2017,,,,
Pintupi-Luritja-3_red-1,,Pintupi-Luritja,3_red,"tutu, yulpa",tutu,,,Haynie2016;Nash2017,,,,
Pintupi-Luritja-3_red-2,,Pintupi-Luritja,3_red,"tutu, yulpa",yulpa,,,Haynie2016;Nash2017,,,,
Pintupi-Luritja-4_yellow-1,,Pintupi-Luritja,4_yellow,kantawarra,kantawarra,,,Haynie2016;Nash2017,,,,
Pintupi-Luritja-5_green-1,,Pintupi-Luritja,5_green,"yintarra, yukiri",yintarra,,,Haynie2016;Nash2017,,,,
Pintupi-Luritja-5_green-2,,Pintupi-Luritja,5_green,"yintarra, yukiri",yukiri,,,Haynie2016;Nash2017,,,,
Pintupi-Luritja-7_brown-1,,Pintupi-Luritja,7_brown,tjitintjitinpa,tjitintjitinpa,,,Haynie2016;Nash2017,,,,
Pintupi-Luritja-6_blue-1,,Pintupi-Luritja,6_blue,"nganka, nguru, yikari, yilkari",nganka,,,Haynie2016;Nash2017,,,,
Pintupi-Luritja-6_blue-2,,Pintupi-Luritja,6_blue,"nganka, nguru, yikari, yilkari",nguru,,,Haynie2016;Nash2017,,,,
Pintupi-Luritja-6_blue-3,,Pintupi-Luritja,6_blue,"nganka, nguru, yikari, yilkari",yikari,,,Haynie2016;Nash2017,,,,
Pintupi-Luritja-6_blue-4,,Pintupi-Luritja,6_blue,"nganka, nguru, yikari, yilkari",yilkari,,,Haynie2016;Nash2017,,,,
Pintupi-Luritja-8_grey-1,,Pintupi-Luritja,8_grey,wiri,wiri,,,Haynie2016;Nash2017,,,,
Pitjantjatjara-1_black-1,,Pitjantjatjara,1_black,maṟu,maṟu,,,Haynie2016;Nash2017,,,,
Pitjantjatjara-2_white-1,,Pitjantjatjara,2_white,piṟan(pa),piṟan,,,Haynie2016;Nash2017,,,,
Pitjantjatjara-3_red-1,,Pitjantjatjara,3_red,rituwanaringanyi,rituwanaringanyi,,,Haynie2016;Nash2017,,,,
Pitjantjatjara-4_yellow-1,,Pitjantjatjara,4_yellow,uṉṯaṉu,uṉṯaṉu,,,Haynie2016;Nash2017,,,,
Pitjantjatjara-5_green-1,,Pitjantjatjara,5_green,ukiṟi-ukiṟi,ukiṟi-ukiṟi,,,Haynie2016;Nash2017,,,,
PittaPitta-1_black-1,,PittaPitta,1_black,tyimpa,tyimpa,,,Haynie2016;Nash2017,,,,
PittaPitta-2_white-1,,PittaPitta,2_white,warrhaputha,warrhaputha,,,Haynie2016;Nash2017,,,,
PittaPitta-3_red-1,,PittaPitta,3_red,kurrhikurrhi,kurrhikurrhi,,,Haynie2016;Nash2017,,,,
PittaPitta-5_green-1,,PittaPitta,5_green,kalyirrhka,kalyirrhka,,,Haynie2016;Nash2017,,,,
Punthamara-1_black-1,,Punthamara,1_black,muru muru,muru muru,,,Haynie2016;Nash2017,,,,
Punthamara-2_white-1,,Punthamara,2_white,kup:a,kup:a,,,Haynie2016;Nash2017,,,,
Punthamara-3_red-1,,Punthamara,3_red,marpila,marpila,,,Haynie2016;Nash2017,,,,
Punthamara-4_yellow-1,,Punthamara,4_yellow,pilta,pilta,,,Haynie2016;Nash2017,,,,
Punthamara-5_green-1,,Punthamara,5_green,kulkarra,kulkarra,,,Haynie2016;Nash2017,,,,
Purduna-1_black-1,,Purduna,1_black,kurluwa,kurluwa,,,Haynie2016;Nash2017,,,,
Purduna-2_white-1,,Purduna,2_white,jurlpil,jurlpil,,,Haynie2016;Nash2017,,,,
Purduna-3_red-1,,Purduna,3_red,kulhuwi,kulhuwi,,,Haynie2016;Nash2017,,,,
Rirratjingu-1_black-1,,Rirratjingu,1_black,gurrŋan',gurrŋan',,,Haynie2016;Nash2017,,,,
Rirratjingu-2_white-1,,Rirratjingu,2_white,"gaywaraŋu, watharr",gaywaraŋu,,,Haynie2016;Nash2017,,,,
Rirratjingu-2_white-2,,Rirratjingu,2_white,"gaywaraŋu, watharr",watharr,,,Haynie2016;Nash2017,,,,
Rirratjingu-3_red-1,,Rirratjingu,3_red,miku,miku,,,Haynie2016;Nash2017,,,,
Rirratjingu-4_yellow-1,,Rirratjingu,4_yellow,"buthalak, gangul",buthalak,,,Haynie2016;Nash2017,,,,
Rirratjingu-4_yellow-2,,Rirratjingu,4_yellow,"buthalak, gangul",gangul,,,Haynie2016;Nash2017,,,,
Ritharrngu-1_black-1,,Ritharrngu,1_black,mol,mol,,,Haynie2016;Nash2017,,,,
Ritharrngu-2_white-1,,Ritharrngu,2_white,barik,barik,,,Haynie2016;Nash2017,,,,
Ritharrngu-3_red-1,,Ritharrngu,3_red,rlirrbuku,rlirrbuku,,,Haynie2016;Nash2017,,,,
Ritharrngu-5_green-1,,Ritharrngu,5_green,yeku',yeku',,,Haynie2016;Nash2017,,,,
Ritharrngu-7_brown-1,,Ritharrngu,7_brown,ḻirrbuku,ḻirrbuku,,,Haynie2016;Nash2017,,,,
Thalanyji-1_black-1,,Thalanyji,1_black,kurluwa,kurluwa,,,Haynie2016;Nash2017,,,,
Thalanyji-2_white-1,,Thalanyji,2_white,ngarriwari,ngarriwari,,,Haynie2016;Nash2017,,,,
Thalanyji-3_red-1,,Thalanyji,3_red,kulhuwi,kulhuwi,,,Haynie2016;Nash2017,,,,
Thalanyji-7_brown-1,,Thalanyji,7_brown,pintha-bintha,pintha-bintha,,,Haynie2016;Nash2017,,,,
Thanggati-1_black-1,,Thanggati,1_black,gurulgurul,gurulgurul,,,Haynie2016;Nash2017,,,,
Thanggati-2_white-1,,Thanggati,2_white,badhangbadhang,badhangbadhang,,,Haynie2016;Nash2017,,,,
Thanggati-3_red-1,,Thanggati,3_red,girragirra,girragirra,,,Haynie2016;Nash2017,,,,
Tharrgari-1_black-1,,Tharrgari,1_black,"kurluwa, kurdu",kurluwa,,,Haynie2016;Nash2017,,,,
Tharrgari-1_black-2,,Tharrgari,1_black,"kurluwa, kurdu",kurdu,,,Haynie2016;Nash2017,,,,
Tharrgari-2_white-1,,Tharrgari,2_white,yirdi,yirdi,,,Haynie2016;Nash2017,,,,
Tharrgari-3_red-1,,Tharrgari,3_red,"kulhuwi, kutjuwi",kulhuwi,,,Haynie2016;Nash2017,,,,
Tharrgari-3_red-2,,Tharrgari,3_red,"kulhuwi, kutjuwi",kutjuwi,,,Haynie2016;Nash2017,,,,
Tharrgari-5_green-1,,Tharrgari,5_green,pidarda,pidarda,,,Haynie2016;Nash2017,,,,
Thaynakwith-1_black-1,,Thaynakwith,1_black,orrow,orrow,,,Haynie2016;Nash2017,,,,
Thaynakwith-2_white-1,,Thaynakwith,2_white,charuwa,charuwa,,,Haynie2016;Nash2017,,,,
Thaynakwith-3_red-1,,Thaynakwith,3_red,trelim thath,trelim thath,,,Haynie2016;Nash2017,,,,
Umpila-1_black-1,,Umpila,1_black,thungku,thungku,,,Haynie2016;Nash2017,,,,
Umpila-2_white-1,,Umpila,2_white,pulpu,pulpu,,,Haynie2016;Nash2017,,,,
Umpila-3_red-1,,Umpila,3_red,pulmpanci,pulmpanci,,,Haynie2016;Nash2017,,,,
Uradhi-1_black-1,,Uradhi,1_black,"uuma, unma",uuma,,,Haynie2016;Nash2017,,,,
Uradhi-1_black-2,,Uradhi,1_black,"uuma, unma",unma,,,Haynie2016;Nash2017,,,,
Uradhi-3_red-1,,Uradhi,3_red,rebano,rebano,,,Haynie2016;Nash2017,,,,
Wailwan-1_black-1,,Wailwan,1_black,buluuy,buluuy,,,Haynie2016;Nash2017,,,,
Wailwan-2_white-1,,Wailwan,2_white,balaa,balaa,,,Haynie2016;Nash2017,,,,
Wailwan-3_red-1,,Wailwan,3_red,girrawil,girrawil,,,Haynie2016;Nash2017,,,,
Wailwan-5_green-1,,Wailwan,5_green,giidjan,giidjan,,,Haynie2016;Nash2017,,,,
Wajarri-1_black-1,,Wajarri,1_black,"wirri ~ widi, marurdu ~ mawurdu",wirri,,,Haynie2016;Nash2017,,,,
Wajarri-1_black-2,,Wajarri,1_black,"wirri ~ widi, marurdu ~ mawurdu",widi,,,Haynie2016;Nash2017,,,,
Wajarri-1_black-3,,Wajarri,1_black,"wirri ~ widi, marurdu ~ mawurdu",marurdu,,,Haynie2016;Nash2017,,,,
Wajarri-1_black-4,,Wajarri,1_black,"wirri ~ widi, marurdu ~ mawurdu",mawurdu,,,Haynie2016;Nash2017,,,,
Wajarri-2_white-1,,Wajarri,2_white,"birluny, bilyarra",birluny,,,Haynie2016;Nash2017,,,,
Wajarri-2_white-2,,Wajarri,2_white,"birluny, bilyarra",bilyarra,,,Haynie2016;Nash2017,,,,
Wajarri-3_red-1,,Wajarri,3_red,"bilyara, biliyarra, bilyini ~ bilyinyi",bilyara,,,Haynie2016;Nash2017,,,,
Wajarri-3_red-2,,Wajarri,3_red,"bilyara, biliyarra, bilyini ~ bilyinyi",biliyarra,,,Haynie2016;Nash2017,,,,
Wajarri-3_red-3,,Wajarri,3_red,"bilyara, biliyarra, bilyini ~ bilyinyi",bilyini,,,Haynie2016;Nash2017,,,,
Wajarri-3_red-4,,Wajarri,3_red,"bilyara, biliyarra, bilyini ~ bilyinyi",bilyinyi,,,Haynie2016;Nash2017,,,,
Wajarri-5_green-1,,Wajarri,5_green,barala,barala,,,Haynie2016;Nash2017,,,,
WakaWaka-1_black-1,,WakaWaka,1_black,woor-ru-we-a,woor-ru-we-a,,,Haynie2016;Nash2017,,,,
WakaWaka-2_white-1,,WakaWaka,2_white,chil-ing,chil-ing,,,Haynie2016;Nash2017,,,,
WakaWaka-3_red-1,,WakaWaka,3_red,gweeing,gweeing,,,Haynie2016;Nash2017,,,,
WakaWaka-4_yellow-1,,WakaWaka,4_yellow,coo-na coo-na,coo-na coo-na,,,Haynie2016;Nash2017,,,,
Wakaya-1_black-1,,Wakaya,1_black,wethinngu,wethinngu,,,Haynie2016;Nash2017,,,,
Wakaya-2_white-1,,Wakaya,2_white,pernangka,pernangka,,,Haynie2016;Nash2017,,,,
Wakaya-3_red-1,,Wakaya,3_red,thithathu,thithathu,,,Haynie2016;Nash2017,,,,
Wakaya-4_yellow-1,,Wakaya,4_yellow,kunhthenngu,kunhthenngu,,,Haynie2016;Nash2017,,,,
Wakaya-8_grey-1,,Wakaya,8_grey,junku,junku,,,Haynie2016;Nash2017,,,,
Walmajarri-1_black-1,,Walmajarri,1_black,kurnkurn,kurnkurn,,,Haynie2016;Nash2017,,,,
Walmajarri-2_white-1,,Walmajarri,2_white,"lapawu, parp-jarti",lapawu,,,Haynie2016;Nash2017,,,,
Walmajarri-2_white-2,,Walmajarri,2_white,"lapawu, parp-jarti",parp-jarti,,,Haynie2016;Nash2017,,,,
Walmajarri-3_red-1,,Walmajarri,3_red,ngirljarti,ngirljarti,,,Haynie2016;Nash2017,,,,
Walmajarri-5_green-1,,Walmajarri,5_green,djibil,djibil,,,Haynie2016;Nash2017,,,,
Walmajarri-7_brown-1,,Walmajarri,7_brown,nguwanguwa,nguwanguwa,,,Haynie2016;Nash2017,,,,
Walmajarri-8_grey-1,,Walmajarri,8_grey,kurtu,kurtu,,,Haynie2016;Nash2017,,,,
Wangkatja-1_black-1,,Wangkatja,1_black,maru,maru,,,Haynie2016;Nash2017,,,,
Wangkatja-2_white-1,,Wangkatja,2_white,ngintji,ngintji,,,Haynie2016;Nash2017,,,,
Wangkatja-3_red-1,,Wangkatja,3_red,yarralypa,yarralypa,,,Haynie2016;Nash2017,,,,
Wangkatja-5_green-1,,Wangkatja,5_green,ukiri,ukiri,,,Haynie2016;Nash2017,,,,
Wangkatja-7_brown-1,,Wangkatja,7_brown,parna,parna,,,Haynie2016;Nash2017,,,,
Wangkayutyuru-1_black-1,,Wangkayutyuru,1_black,jimpa,jimpa,,,Haynie2016;Nash2017,,,,
Wangkayutyuru-2_white-1,,Wangkayutyuru,2_white,walpadi,walpadi,,,Haynie2016;Nash2017,,,,
Wangkayutyuru-3_red-1,,Wangkayutyuru,3_red,karamarra,karamarra,,,Haynie2016;Nash2017,,,,
Wangkayutyuru-4_yellow-1,,Wangkayutyuru,4_yellow,padu,padu,,,Haynie2016;Nash2017,,,,
Wangkayutyuru-5_green-1,,Wangkayutyuru,5_green,pantiya,pantiya,,,Haynie2016;Nash2017,,,,
Wangkayutyuru-8_grey-1,,Wangkayutyuru,8_grey,purru,purru,,,Haynie2016;Nash2017,,,,
Wangkumara-1_black-1,,Wangkumara,1_black,murrumurru,murrumurru,,,Haynie2016;Nash2017,,,,
Wangkumara-2_white-1,,Wangkumara,2_white,gupa,gupa,,,Haynie2016;Nash2017,,,,
Wangkumara-3_red-1,,Wangkumara,3_red,marpamarpala,marpamarpala,,,Haynie2016;Nash2017,,,,
Wangkumara-4_yellow-1,,Wangkumara,4_yellow,pilthi,pilthi,,,Haynie2016;Nash2017,,,,
Wangkumara-5_green-1,,Wangkumara,5_green,gurkagurkara,gurkagurkara,,,Haynie2016;Nash2017,,,,
Wardandi-1_black-1,,Wardandi,1_black,muwan,muwan,,,Haynie2016;Nash2017,,,,
Wardandi-2_white-1,,Wardandi,2_white,bennak,bennak,,,Haynie2016;Nash2017,,,,
Wardandi-3_red-1,,Wardandi,3_red,wildji-munj,wildji-munj,,,Haynie2016;Nash2017,,,,
Wardandi-4_yellow-1,,Wardandi,4_yellow,wildjə-ga,wildjə-ga,,,Haynie2016;Nash2017,,,,
Warlmanpa-1_black-1,,Warlmanpa,1_black,"maru, wumpur(r)ani",maru,,,Haynie2016;Nash2017,,,,
Warlmanpa-1_black-2,,Warlmanpa,1_black,"maru, wumpur(r)ani",wumpurani,,,Haynie2016;Nash2017,,,,
Warlmanpa-2_white-1,,Warlmanpa,2_white,ta(rra)warlwari,tawarlwari,,,Haynie2016;Nash2017,,,,
Warlmanpa-3_red-1,,Warlmanpa,3_red,"tiikwari, pulyurru-pulyurru",tiikwari,,,Haynie2016;Nash2017,,,,
Warlmanpa-3_red-2,,Warlmanpa,3_red,"tiikwari, pulyurru-pulyurru",pulyurru-pulyurru,,,Haynie2016;Nash2017,,,,
Warlmanpa-4_yellow-1,,Warlmanpa,4_yellow,wirinkirri-wirinkirri,wirinkirri-wirinkirri,,,Haynie2016;Nash2017,,,,
Warlmanpa-5_green-1,,Warlmanpa,5_green,kurralywari,kurralywari,,,Haynie2016;Nash2017,,,,
Warlmanpa-7_brown-1,,Warlmanpa,7_brown,kunjuru-kunjuru,kunjuru-kunjuru,,,Haynie2016;Nash2017,,,,
Warlpiri-1_black-1,,Warlpiri,1_black,maru,maru,,,Haynie2016;Nash2017,,,,
Warlpiri-2_white-1,,Warlpiri,2_white,kardirri,kardirri,,,Haynie2016;Nash2017,,,,
Warlpiri-3_red-1,,Warlpiri,3_red,tiri,tiri,,,Haynie2016;Nash2017,,,,
Warlpiri-4_yellow-1,,Warlpiri,4_yellow,karntawarra-karntawarra,karntawarra-karntawarra,,,Haynie2016;Nash2017,,,,
Warlpiri-5_green-1,,Warlpiri,5_green,yukiri,yukiri,,,Haynie2016;Nash2017,,,,
Warlpiri-7_brown-1,,Warlpiri,7_brown,walya-walya,walya-walya,,,Haynie2016;Nash2017,,,,
Warlpiri-6_blue-1,,Warlpiri,6_blue,kunjuru-kunjuru,kunjuru-kunjuru,,,Haynie2016;Nash2017,,,,
Warlpiri-8_grey-1,,Warlpiri,8_grey,layi-layi,layi-layi,,,Haynie2016;Nash2017,,,,
Warluwarra-1_black-1,,Warluwarra,1_black,puwarra,puwarra,,,Haynie2016;Nash2017,,,,
Warluwarra-2_white-1,,Warluwarra,2_white,purna,purna,,,Haynie2016;Nash2017,,,,
Warluwarra-3_red-1,,Warluwarra,3_red,kikaakikaa,kikaakikaa,,,Haynie2016;Nash2017,,,,
Warluwarra-4_yellow-1,,Warluwarra,4_yellow,parru,parru,,,Haynie2016;Nash2017,,,,
Warluwarra-5_green-1,,Warluwarra,5_green,wuwalla,wuwalla,,,Haynie2016;Nash2017,,,,
Warluwarra-8_grey-1,,Warluwarra,8_grey,mikimiki,mikimiki,,,Haynie2016;Nash2017,,,,
Warnman-1_black-1,,Warnman,1_black,warrukurla,warrukurla,,,Haynie2016;Nash2017,,,,
Warnman-2_white-1,,Warnman,2_white,rlarli,rlarli,,,Haynie2016;Nash2017,,,,
Warnman-3_red-1,,Warnman,3_red,miji miji,miji miji,,,Haynie2016;Nash2017,,,,
Warnman-4_yellow-1,,Warnman,4_yellow,karntawarra,karntawarra,,,Haynie2016;Nash2017,,,,
Warnman-5_green-1,,Warnman,5_green,warrulypa,warrulypa,,,Haynie2016;Nash2017,,,,
Warrgamay-1_black-1,,Warrgamay,1_black,dyu:lu,dyu:lu,,,Haynie2016;Nash2017,,,,
Warrgamay-2_white-1,,Warrgamay,2_white,bambaɽa,bambaɽa,,,Haynie2016;Nash2017,,,,
Warrgamay-8_grey-1,,Warrgamay,8_grey,maɽgun,maɽgun,,,Haynie2016;Nash2017,,,,
Warriyangga-1_black-1,,Warriyangga,1_black,kuparri,kuparri,,,Haynie2016;Nash2017,,,,
Warriyangga-2_white-1,,Warriyangga,2_white,thurla,thurla,,,Haynie2016;Nash2017,,,,
Warriyangga-3_red-1,,Warriyangga,3_red,pulara,pulara,,,Haynie2016;Nash2017,,,,
Warriyangga-5_green-1,,Warriyangga,5_green,pirrpalhi,pirrpalhi,,,Haynie2016;Nash2017,,,,
Warrnambool-1_black-1,,Warrnambool,1_black,miyn,miyn,,,Haynie2016;Nash2017,,,,
Warrnambool-2_white-1,,Warrnambool,2_white,ngapkuyitj,ngapkuyitj,,,Haynie2016;Nash2017,,,,
Warrnambool-3_red-1,,Warrnambool,3_red,kiri-kiri,kiri-kiri,,,Haynie2016;Nash2017,,,,
Warrnambool-4_yellow-1,,Warrnambool,4_yellow,punda,punda,,,Haynie2016;Nash2017,,,,
Warrnambool-5_green-1,,Warrnambool,5_green,kumakarak,kumakarak,,,Haynie2016;Nash2017,,,,
Warrnambool-6_blue-1,,Warrnambool,6_blue,miynkaa,miynkaa,,,Haynie2016;Nash2017,,,,
Warrnambool-8_grey-1,,Warrnambool,8_grey,napipi,napipi,,,Haynie2016;Nash2017,,,,
Warumungu-1_black-1,,Warumungu,1_black,wumpurrarni,wumpurrarni,,,Haynie2016;Nash2017,,,,
Warumungu-2_white-1,,Warumungu,2_white,"parlarr, punuru",parlarr,,,Haynie2016;Nash2017,,,,
Warumungu-2_white-2,,Warumungu,2_white,"parlarr, punuru",punuru,,,Haynie2016;Nash2017,,,,
Warumungu-3_red-1,,Warumungu,3_red,pulyurr-,pulyurr-,,,Haynie2016;Nash2017,,,,
Warumungu-4_yellow-1,,Warumungu,4_yellow,wiringkirr wiringkirr,wiringkirr wiringkirr,,,Haynie2016;Nash2017,,,,
Warumungu-5_green-1,,Warumungu,5_green,kuraly-,kuraly-,,,Haynie2016;Nash2017,,,,
Warumungu-7_brown-1,,Warumungu,7_brown,narra-narra,narra-narra,,,Haynie2016;Nash2017,,,,
Warumungu-6_blue-1,,Warumungu,6_blue,kartungkali,kartungkali,,,Haynie2016;Nash2017,,,,
Warumungu-8_grey-1,,Warumungu,8_grey,winyal winyal,winyal winyal,,,Haynie2016;Nash2017,,,,
Warungu-1_black-1,,Warungu,1_black,ganambirra,ganambirra,,,Haynie2016;Nash2017,,,,
Warungu-2_white-1,,Warungu,2_white,bambara,bambara,,,Haynie2016;Nash2017,,,,
Warungu-3_red-1,,Warungu,3_red,jalngarri,jalngarri,,,Haynie2016;Nash2017,,,,
Warungu-4_yellow-1,,Warungu,4_yellow,gunggugaji,gunggugaji,,,Haynie2016;Nash2017,,,,
Wathawurrung-1_black-1,,Wathawurrung,1_black,wurrgarrabil,wurrgarrabil,,,Haynie2016;Nash2017,,,,
Wathawurrung-2_white-1,,Wathawurrung,2_white,darn-garriyn,darn-garriyn,,,Haynie2016;Nash2017,,,,
Wathawurrung-3_red-1,,Wathawurrung,3_red,kurr-kurr-warriyn,kurr-kurr-warriyn,,,Haynie2016;Nash2017,,,,
Wathawurrung-5_green-1,,Wathawurrung,5_green,gurr-gurr-warrabil,gurr-gurr-warrabil,,,Haynie2016;Nash2017,,,,
Wathawurrung-7_brown-1,,Wathawurrung,7_brown,djirrala-bil,djirrala-bil,,,Haynie2016;Nash2017,,,,
Wathawurrung-6_blue-1,,Wathawurrung,6_blue,marra-narrap,marra-narrap,,,Haynie2016;Nash2017,,,,
WathiWathi-1_black-1,,WathiWathi,1_black,nganda,nganda,,,Haynie2016;Nash2017,,,,
WathiWathi-2_white-1,,WathiWathi,2_white,yirang gadaa,yirang gadaa,,,Haynie2016;Nash2017,,,,
WathiWathi-3_red-1,,WathiWathi,3_red,wurung-urung,wurung-urung,,,Haynie2016;Nash2017,,,,
WathiWathi-5_green-1,,WathiWathi,5_green,narin-ŋaraŋ,narin-ŋaraŋ,,,Haynie2016;Nash2017,,,,
WathiWathi-6_blue-1,,WathiWathi,6_blue,ngandar,ngandar,,,Haynie2016;Nash2017,,,,
Watjuk-1_black-1,,Watjuk,1_black,moan,moan,,,Haynie2016;Nash2017,,,,
Watjuk-2_white-1,,Watjuk,2_white,jital,jital,,,Haynie2016;Nash2017,,,,
Watjuk-3_red-1,,Watjuk,3_red,wilgilang,wilgilang,,,Haynie2016;Nash2017,,,,
Watjuk-5_green-1,,Watjuk,5_green,keripkerip,keripkerip,,,Haynie2016;Nash2017,,,,
Watjuk-8_grey-1,,Watjuk,8_grey,jital,jital,,,Haynie2016;Nash2017,,,,
WembaWemba-1_black-1,,WembaWemba,1_black,wurkatang,wurkatang,,,Haynie2016;Nash2017,,,,
WembaWemba-2_white-1,,WembaWemba,2_white,*pakuwinyawil,*pakuwinyawil,,,Haynie2016;Nash2017,,,,
WembaWemba-3_red-1,,WembaWemba,3_red,kurrk-kurrkuk warrawil,kurrk-kurrkuk warrawil,,,Haynie2016;Nash2017,,,,
WembaWemba-5_green-1,,WembaWemba,5_green,"wurəwil, wurəwurətayil",wurəwil,,,Haynie2016;Nash2017,,,,
WembaWemba-5_green-2,,WembaWemba,5_green,"wurəwil, wurəwurətayil",wurəwurətayil,,,Haynie2016;Nash2017,,,,
WembaWemba-7_brown-1,,WembaWemba,7_brown,*puny-puny-warra-wil,*puny-puny-warra-wil,,,Haynie2016;Nash2017,,,,
WembaWemba-6_blue-1,,WembaWemba,6_blue,*purt-purt-warra-wil,*purt-purt-warra-wil,,,Haynie2016;Nash2017,,,,
WembaWemba-8_grey-1,,WembaWemba,8_grey,pulətayil,pulətayil,,,Haynie2016;Nash2017,,,,
WesternArrarnte-1_black-1,,WesternArrarnte,1_black,urrperle,urrperle,,,Haynie2016;Nash2017,,,,
WesternArrarnte-2_white-1,,WesternArrarnte,2_white,irltere/tywelkere,irltere,,,Haynie2016;Nash2017,,,,
WesternArrarnte-2_white-2,,WesternArrarnte,2_white,irltere/tywelkere,tywelkere,,,Haynie2016;Nash2017,,,,
WesternArrarnte-3_red-1,,WesternArrarnte,3_red,"thetheke, thithaka",thetheke,,,Haynie2016;Nash2017,,,,
WesternArrarnte-3_red-2,,WesternArrarnte,3_red,"thetheke, thithaka",thithaka,,,Haynie2016;Nash2017,,,,
WesternArrarnte-4_yellow-1,,WesternArrarnte,4_yellow,ntwarne/untarne,ntwarne,,,Haynie2016;Nash2017,,,,
WesternArrarnte-4_yellow-2,,WesternArrarnte,4_yellow,ntwarne/untarne,untarne,,,Haynie2016;Nash2017,,,,
WesternArrarnte-5_green-1,,WesternArrarnte,5_green,therrke-therrke,therrke-therrke,,,Haynie2016;Nash2017,,,,
WikMungkan-1_black-1,,WikMungkan,1_black,ngotan,ngotan,,,Haynie2016;Nash2017,,,,
WikMungkan-2_white-1,,WikMungkan,2_white,polp,polp,,,Haynie2016;Nash2017,,,,
WikMungkan-3_red-1,,WikMungkan,3_red,wu'wu'iy,wu'wu'iy,,,Haynie2016;Nash2017,,,,
WikNgatharr-1_black-1,,WikNgatharr,1_black,mak,mak,,,Haynie2016;Nash2017,,,,
WikNgatharr-2_white-1,,WikNgatharr,2_white,chaarew,chaarew,,,Haynie2016;Nash2017,,,,
WikNgatharr-3_red-1,,WikNgatharr,3_red,pinthenh,pinthenh,,,Haynie2016;Nash2017,,,,
WikNgatharr-4_yellow-1,,WikNgatharr,4_yellow,ngump-ngump,ngump-ngump,,,Haynie2016;Nash2017,,,,
WikNgatharr-5_green-1,,WikNgatharr,5_green,miip,miip,,,Haynie2016;Nash2017,,,,
Wiradjuri-1_black-1,,Wiradjuri,1_black,buudhang,buudhang,,,Haynie2016;Nash2017,,,,
Wiradjuri-2_white-1,,Wiradjuri,2_white,barrabarra,barrabarra,,,Haynie2016;Nash2017,,,,
Wiradjuri-3_red-1,,Wiradjuri,3_red,giri-girri,giri-girri,,,Haynie2016;Nash2017,,,,
Wiradjuri-4_yellow-1,,Wiradjuri,4_yellow,guunang-guunang,guunang-guunang,,,Haynie2016;Nash2017,,,,
Wiradjuri-5_green-1,,Wiradjuri,5_green,gabbar-gabbar,gabbar-gabbar,,,Haynie2016;Nash2017,,,,
Wiradjuri-6_blue-1,,Wiradjuri,6_blue,ŋurru-mir-gaŋ,ŋurru-mir-gaŋ,,,Haynie2016;Nash2017,,,,
Wirangu-1_black-1,,Wirangu,1_black,maru,maru,,,Haynie2016;Nash2017,,,,
Wirangu-2_white-1,,Wirangu,2_white,balgu-balgu,balgu-balgu,,,Haynie2016;Nash2017,,,,
Wirangu-3_red-1,,Wirangu,3_red,birndi,birndi,,,Haynie2016;Nash2017,,,,
Wirangu-5_green-1,,Wirangu,5_green,gaRagan,gaRagan,,,Haynie2016;Nash2017,,,,
Woiwurrung-1_black-1,,Woiwurrung,1_black,kuyang,kuyang,,,Haynie2016;Nash2017,,,,
Woiwurrung-2_white-1,,Woiwurrung,2_white,dharranhun,dharranhun,,,Haynie2016;Nash2017,,,,
Woiwurrung-3_red-1,,Woiwurrung,3_red,bibidhuang,bibidhuang,,,Haynie2016;Nash2017,,,,
Woiwurrung-4_yellow-1,,Woiwurrung,4_yellow,babedirrin,babedirrin,,,Haynie2016;Nash2017,,,,
Woiwurrung-5_green-1,,Woiwurrung,5_green,gumang-djarrang,gumang-djarrang,,,Haynie2016;Nash2017,,,,
Woiwurrung-7_brown-1,,Woiwurrung,7_brown,derril,derril,,,Haynie2016;Nash2017,,,,
Woiwurrung-6_blue-1,,Woiwurrung,6_blue,kor.ran.gor.rer,kor.ran.gor.rer,,,Haynie2016;Nash2017,,,,
Wulguru-2_white-1,,Wulguru,2_white,gunggamu,gunggamu,,,Haynie2016;Nash2017,,,,
Wulguru-4_yellow-1,,Wulguru,4_yellow,gunbili,gunbili,,,Haynie2016;Nash2017,,,,
Yagara-1_black-1,,Yagara,1_black,gurun,gurun,,,Haynie2016;Nash2017,,,,
Yagara-2_white-1,,Yagara,2_white,giwere,giwere,,,Haynie2016;Nash2017,,,,
Yagara-3_red-1,,Yagara,3_red,cowan,cowan,,,Haynie2016;Nash2017,,,,
Yalarnnga-1_black-1,,Yalarnnga,1_black,mukampa,mukampa,,,Haynie2016;Nash2017,,,,
Yalarnnga-2_white-1,,Yalarnnga,2_white,puluwarra,puluwarra,,,Haynie2016;Nash2017,,,,
Yalarnnga-3_red-1,,Yalarnnga,3_red,kurrikurri,kurrikurri,,,Haynie2016;Nash2017,,,,
Yalarnnga-4_yellow-1,,Yalarnnga,4_yellow,parruparru,parruparru,,,Haynie2016;Nash2017,,,,
Yalarnnga-5_green-1,,Yalarnnga,5_green,yilhtharra,yilhtharra,,,Haynie2016;Nash2017,,,,
Yalarnnga-8_grey-1,,Yalarnnga,8_grey,purru,purru,,,Haynie2016;Nash2017,,,,
Yandruwandha-1_black-1,,Yandruwandha,1_black,yimpa,yimpa,,,Haynie2016;Nash2017,,,,
Yandruwandha-2_white-1,,Yandruwandha,2_white,parlu,parlu,,,Haynie2016;Nash2017,,,,
Yandruwandha-3_red-1,,Yandruwandha,3_red,pirtipirti,pirtipirti,,,Haynie2016;Nash2017,,,,
Yandruwandha-4_yellow-1,,Yandruwandha,4_yellow,parruparru ~ padupadu,parruparru,,,Haynie2016;Nash2017,,,,
Yandruwandha-4_yellow-2,,Yandruwandha,4_yellow,parruparru ~ padupadu,padupadu,,,Haynie2016;Nash2017,,,,
Yandruwandha-5_green-1,,Yandruwandha,5_green,"kurrkari, pulayarra, pulapulayarra,",kurrkari,,,Haynie2016;Nash2017,,,,
Yandruwandha-5_green-2,,Yandruwandha,5_green,"kurrkari, pulayarra, pulapulayarra,",pulayarra,,,Haynie2016;Nash2017,,,,
Yandruwandha-5_green-3,,Yandruwandha,5_green,"kurrkari, pulayarra, pulapulayarra,",pulapulayarra,,,Haynie2016;Nash2017,,,,
Yandruwandha-7_brown-1,,Yandruwandha,7_brown,warru,warru,,,Haynie2016;Nash2017,,,,
Yandruwandha-6_blue-1,,Yandruwandha,6_blue,impa,impa,,,Haynie2016;Nash2017,,,,
Yannhangu-1_black-1,,Yannhangu,1_black,mol'mulŋu,mol'mulŋu,,,Haynie2016;Nash2017,,,,
Yannhangu-2_white-1,,Yannhangu,2_white,biriyanaraŋu,biriyanaraŋu,,,Haynie2016;Nash2017,,,,
Yannhangu-3_red-1,,Yannhangu,3_red,miku,miku,,,Haynie2016;Nash2017,,,,
Yannhangu-4_yellow-1,,Yannhangu,4_yellow,buthalakthun,buthalakthun,,,Haynie2016;Nash2017,,,,
Yannhangu-5_green-1,,Yannhangu,5_green,warrlwaḻyana,warrlwaḻyana,,,Haynie2016;Nash2017,,,,
Yanyuwa-1_black-1,,Yanyuwa,1_black,ngubunthurr,ngubunthurr,,,Haynie2016;Nash2017,,,,
Yanyuwa-2_white-1,,Yanyuwa,2_white,a-bulwa (rra-),a-bulwa,,,Haynie2016;Nash2017,,,,
Yanyuwa-3_red-1,,Yanyuwa,3_red,"naka, dankurrdankurr",naka,,,Haynie2016;Nash2017,,,,
Yanyuwa-3_red-2,,Yanyuwa,3_red,"naka, dankurrdankurr",dankurrdankurr,,,Haynie2016;Nash2017,,,,
Yanyuwa-4_yellow-1,,Yanyuwa,4_yellow,dankurrdankurr,dankurrdankurr,,,Haynie2016;Nash2017,,,,
Yarluyandi-1_black-1,,Yarluyandi,1_black,maru,maru,,,Haynie2016;Nash2017,,,,
Yarluyandi-3_red-1,,Yarluyandi,3_red,pitjirina,pitjirina,,,Haynie2016;Nash2017,,,,
Yawarrawarrka-1_black-1,,Yawarrawarrka,1_black,tjimpa,tjimpa,,,Haynie2016;Nash2017,,,,
Yawarrawarrka-2_white-1,,Yawarrawarrka,2_white,waru,waru,,,Haynie2016;Nash2017,,,,
Yawarrawarrka-3_red-1,,Yawarrawarrka,3_red,pidipidi,pidipidi,,,Haynie2016;Nash2017,,,,
Yawarrawarrka-4_yellow-1,,Yawarrawarrka,4_yellow,barru,barru,,,Haynie2016;Nash2017,,,,
Yawarrawarrka-5_green-1,,Yawarrawarrka,5_green,kudnapantjindri,kudnapantjindri,,,Haynie2016;Nash2017,,,,
Yidiny-1_black-1,,Yidiny,1_black,gijawulu,gijawulu,,,Haynie2016;Nash2017,,,,
Yidiny-2_white-1,,Yidiny,2_white,badal,badal,,,Haynie2016;Nash2017,,,,
Yidiny-3_red-1,,Yidiny,3_red,wubagar,wubagar,,,Haynie2016;Nash2017,,,,
Yidiny-4_yellow-1,,Yidiny,4_yellow,marrgamarrga,marrgamarrga,,,Haynie2016;Nash2017,,,,
Yidiny-5_green-1,,Yidiny,5_green,gurrumugul,gurrumugul,,,Haynie2016;Nash2017,,,,
Yidiny-7_brown-1,,Yidiny,7_brown,garran,garran,,,Haynie2016;Nash2017,,,,
Yidiny-6_blue-1,,Yidiny,6_blue,wulburuny,wulburuny,,,Haynie2016;Nash2017,,,,
Yidiny-8_grey-1,,Yidiny,8_grey,guban.guban,guban.guban,,,Haynie2016;Nash2017,,,,
Yindjibarndi-1_black-1,,Yindjibarndi,1_black,warru,warru,,,Haynie2016;Nash2017,,,,
Yindjibarndi-2_white-1,,Yindjibarndi,2_white,jiwarra,jiwarra,,,Haynie2016;Nash2017,,,,
Yindjibarndi-3_red-1,,Yindjibarndi,3_red,mardamarda,mardamarda,,,Haynie2016;Nash2017,,,,
Yindjibarndi-4_yellow-1,,Yindjibarndi,4_yellow,biyulu,biyulu,,,Haynie2016;Nash2017,,,,
Yindjibarndi-5_green-1,,Yindjibarndi,5_green,wanka,wanka,,,Haynie2016;Nash2017,,,,
Yindjibarndi-7_brown-1,,Yindjibarndi,7_brown,warru,warru,,,Haynie2016;Nash2017,,,,
Yindjibarndi-6_blue-1,,Yindjibarndi,6_blue,bithu,bithu,,,Haynie2016;Nash2017,,,,
Yindjilandji-1_black-1,,Yindjilandji,1_black,wuthungu: ~ wuthunngaÖ,wuthungu:,,,Haynie2016;Nash2017,,,,
Yindjilandji-1_black-2,,Yindjilandji,1_black,wuthungu: ~ wuthunngaÖ,wuthunngaÖ,,,Haynie2016;Nash2017,,,,
Yindjilandji-2_white-1,,Yindjilandji,2_white,bunangga ~ burnánggar,bunangga,,,Haynie2016;Nash2017,,,,
Yindjilandji-2_white-2,,Yindjilandji,2_white,bunangga ~ burnánggar,burnánggar,,,Haynie2016;Nash2017,,,,
Yindjilandji-3_red-1,,Yindjilandji,3_red,wumanggu,wumanggu,,,Haynie2016;Nash2017,,,,
Yingkarta-1_black-1,,Yingkarta,1_black,kurdu,kurdu,,,Haynie2016;Nash2017,,,,
Yingkarta-2_white-1,,Yingkarta,2_white,piilyba,piilyba,,,Haynie2016;Nash2017,,,,
Yingkarta-3_red-1,,Yingkarta,3_red,thuwarri,thuwarri,,,Haynie2016;Nash2017,,,,
Yinhawangka-1_black-1,,Yinhawangka,1_black,"warru/waru , kurluwa",warru,,,Haynie2016;Nash2017,,,,
Yinhawangka-1_black-2,,Yinhawangka,1_black,"warru/waru , kurluwa",waru,,,Haynie2016;Nash2017,,,,
Yinhawangka-1_black-3,,Yinhawangka,1_black,"warru/waru , kurluwa",kurluwa,,,Haynie2016;Nash2017,,,,
Yinhawangka-2_white-1,,Yinhawangka,2_white,pirarrpa,pirarrpa,,,Haynie2016;Nash2017,,,,
Yinhawangka-3_red-1,,Yinhawangka,3_red,marta-marta/ ~ marra-marra,marta-marta,,,Haynie2016;Nash2017,,,,
Yinhawangka-3_red-2,,Yinhawangka,3_red,marta-marta/ ~ marra-marra,marra-marra,,,Haynie2016;Nash2017,,,,
Yinhawangka-4_yellow-1,,Yinhawangka,4_yellow,pijulurlu,pijulurlu,,,Haynie2016;Nash2017,,,,
Yinhawangka-5_green-1,,Yinhawangka,5_green,pilhu,pilhu,,,Haynie2016;Nash2017,,,,
Yinhawangka-8_grey-1,,Yinhawangka,8_grey,pira,pira,,,Haynie2016;Nash2017,,,,
Yirandali-1_black-1,,Yirandali,1_black,booddera,booddera,,,Haynie2016;Nash2017,,,,
Yirandali-2_white-1,,Yirandali,2_white,kuddella,kuddella,,,Haynie2016;Nash2017,,,,
YirYoront-1_black-1,,YirYoront,1_black,kolp+kol+lh,kolp+kol+lh,,,Haynie2016;Nash2017,,,,
YirYoront-2_white-1,,YirYoront,2_white,larrl,larrl,,,Haynie2016;Nash2017,,,,
YirYoront-3_red-1,,YirYoront,3_red,kam+kam+w,kam+kam+w,,,Haynie2016;Nash2017,,,,
YirYoront-4_yellow-1,,YirYoront,4_yellow,kam+kam+w,kam+kam+w,,,Haynie2016;Nash2017,,,,
YirYoront-8_grey-1,,YirYoront,8_grey,muw,muw,,,Haynie2016;Nash2017,,,,
YortaYorta-1_black-1,,YortaYorta,1_black,dhalanan,dhalanan,,,Haynie2016;Nash2017,,,,
YortaYorta-2_white-1,,YortaYorta,2_white,pet-tyaity,pet-tyaity,,,Haynie2016;Nash2017,,,,
YortaYorta-3_red-1,,YortaYorta,3_red,mawamadj,mawamadj,,,Haynie2016;Nash2017,,,,
Yugambeh-1_black-1,,Yugambeh,1_black,tu:ndu:n,tu:ndu:n,,,Haynie2016;Nash2017,,,,
Yugambeh-2_white-1,,Yugambeh,2_white,talngai,talngai,,,Haynie2016;Nash2017,,,,
Yugambeh-3_red-1,,Yugambeh,3_red,djairi,djairi,,,Haynie2016;Nash2017,,,,
Yugambeh-4_yellow-1,,Yugambeh,4_yellow,jaragam,jaragam,,,Haynie2016;Nash2017,,,,
Yugambeh-5_green-1,,Yugambeh,5_green,pujarbin,pujarbin,,,Haynie2016;Nash2017,,,,
Yugambeh-7_brown-1,,Yugambeh,7_brown,tulgaytulgay,tulgaytulgay,,,Haynie2016;Nash2017,,,,
Yugambeh-6_blue-1,,Yugambeh,6_blue,ninye:ri,ninye:ri,,,Haynie2016;Nash2017,,,,
Yugarabul-1_black-1,,Yugarabul,1_black,cuppee [kapi],cuppee,,,Haynie2016;Nash2017,,,,
Yugarabul-2_white-1,,Yugarabul,2_white,currarn,currarn,,,Haynie2016;Nash2017,,,,
Yugarabul-3_red-1,,Yugarabul,3_red,"kutchin, godjeen",kutchin,,,Haynie2016;Nash2017,,,,
Yugarabul-3_red-2,,Yugarabul,3_red,"kutchin, godjeen",godjeen,,,Haynie2016;Nash2017,,,,
Yulparija-1_black-1,,Yulparija,1_black,maru,maru,,,Haynie2016;Nash2017,,,,
Yulparija-2_white-1,,Yulparija,2_white,jurnpulpa,jurnpulpa,,,Haynie2016;Nash2017,,,,
Yulparija-3_red-1,,Yulparija,3_red,martarrjarra,martarrjarra,,,Haynie2016;Nash2017,,,,
Yulparija-4_yellow-1,,Yulparija,4_yellow,kurrukarl,kurrukarl,,,Haynie2016;Nash2017,,,,
Yulparija-5_green-1,,Yulparija,5_green,jutalypa,jutalypa,,,Haynie2016;Nash2017,,,,
Yuwaalaraay-1_black-1,,Yuwaalaraay,1_black,buluuy,buluuy,,,Haynie2016;Nash2017,,,,
Yuwaalaraay-2_white-1,,Yuwaalaraay,2_white,bangga,bangga,,,Haynie2016;Nash2017,,,,
Yuwaalaraay-3_red-1,,Yuwaalaraay,3_red,guwaymbarra,guwaymbarra,,,Haynie2016;Nash2017,,,,
Yuwaalaraay-4_yellow-1,,Yuwaalaraay,4_yellow,gidjiirr,gidjiirr,,,Haynie2016;Nash2017,,,,
Yuwaalaraay-5_green-1,,Yuwaalaraay,5_green,dhurrin,dhurrin,,,Haynie2016;Nash2017,,,,
Yuwaalaraay-6_blue-1,,Yuwaalaraay,6_blue,yiluwidi,yiluwidi,,,Haynie2016;Nash2017,,,,
Yuwaalaraay-8_grey-1,,Yuwaalaraay,8_grey,dhadhaal,dhadhaal,,,Haynie2016;Nash2017,,,,
